"","sample_id","qpcr_a","qpcr_b","qpcr_c","average_qpcr","property","lat","long","county","code","date","amphibian_spp","amphibian_svl","amphibian_weight","amphibian_sex","amphibian_age","ph","watertemp","conductivity_uS","totaldissolvedsolid","salinity_ppt","avg_inf"
"1","idr_747",0,0,0,0,"Blue Oak Ranch Reserve",37.375156,-121.72784,"Santa Clara County","GRAMP","01/25/2020","PSRE",33,4,"male","adult",NA,NA,NA,NA,NA,0
"2","idr_748",0.117431737,0,0,0.039143912,"Blue Oak Ranch Reserve",37.375156,-121.72784,"Santa Clara County","GRAMP","01/25/2020","PSRE",30,2.2,"male","adult",NA,NA,NA,NA,NA,3.13151296
"3","idr_749",0,0,0,0,"Blue Oak Ranch Reserve",37.375156,-121.72784,"Santa Clara County","GRAMP","01/25/2020","PSRE",31,7.5,"male","adult",NA,NA,NA,NA,NA,0
"4","idr_750",0,0,0,0,"Blue Oak Ranch Reserve",37.375156,-121.72784,"Santa Clara County","GRAMP","01/25/2020","PSRE",33,3.5,"male","adult",NA,NA,NA,NA,NA,0
"5","idr_751",1.29376936,0.415490896,0.716539323,0.808599859,"Blue Oak Ranch Reserve",37.375156,-121.72784,"Santa Clara County","GRAMP","01/25/2020","PSRE",35,3.75,"male","adult",NA,NA,NA,NA,NA,64.68798872
"6","idr_752",14.01819134,3.216251612,4.600777149,7.278406699,"Blue Oak Ranch Reserve",37.375156,-121.72784,"Santa Clara County","GRAMP","01/25/2020","PSRE",31.5,3,"male","adult",NA,NA,NA,NA,NA,582.27253592
"7","idr_753",0,0,0,0,"Blue Oak Ranch Reserve",37.375156,-121.72784,"Santa Clara County","GRAMP","01/25/2020","PSRE",34.5,3.25,"male","adult",NA,NA,NA,NA,NA,0
"8","idr_754",0,0,0,0,"Blue Oak Ranch Reserve",37.375156,-121.72784,"Santa Clara County","GRAMP","01/25/2020","PSRE",32,10,"male","adult",NA,NA,NA,NA,NA,0
"9","idr_755",0,0,0,0,"Blue Oak Ranch Reserve",37.375156,-121.72784,"Santa Clara County","GRAMP","01/25/2020","PSRE",35,4,"male","adult",NA,NA,NA,NA,NA,0
"10","idr_756",0,0,0,0,"Blue Oak Ranch Reserve",37.375156,-121.72784,"Santa Clara County","GRAMP","01/25/2020","PSRE",33.5,3,"male","adult",NA,NA,NA,NA,NA,0
"11","idr_757",0.204995096,0,0.098953128,0.101316075,"Blue Oak Ranch Reserve",37.379497,-121.731727,"Santa Clara County","CABIN","01/25/2020","PSRE",34,2.5,"male","adult",NA,NA,NA,NA,NA,8.105286
"12","idr_758",0,0,0,0,"Blue Oak Ranch Reserve",37.379497,-121.731727,"Santa Clara County","CABIN","01/25/2020","PSRE",33,3.5,"male","adult",NA,NA,NA,NA,NA,0
"13","idr_759",0,0,0,0,"Blue Oak Ranch Reserve",37.379497,-121.731727,"Santa Clara County","CABIN","01/25/2020","PSRE",36,3.5,"male","adult",NA,NA,NA,NA,NA,0
"14","idr_760",0,0,0,0,"Blue Oak Ranch Reserve",37.379497,-121.731727,"Santa Clara County","CABIN","01/25/2020","PSRE",33.5,4,"male","adult",NA,NA,NA,NA,NA,0
"15","idr_766",0,0,0,0,"Blue Oak Ranch Reserve",37.379514,-121.4448,"Santa Clara County","WEST","01/25/2020","PSRE",34,3.25,"male","adult",NA,NA,NA,NA,NA,0
"16","idr_767",0,0,0,0,"Blue Oak Ranch Reserve",37.379514,-121.4448,"Santa Clara County","WEST","01/25/2020","PSRE",29.5,4,"female","adult",NA,NA,NA,NA,NA,0
"17","idr_768",0.020876333,0,0,0.006958778,"Blue Oak Ranch Reserve",37.379514,-121.4448,"Santa Clara County","WEST","01/25/2020","PSRE",32,4,"male","adult",NA,NA,NA,NA,NA,0.55670224
"18","idr_769",0,0,0,0,"Blue Oak Ranch Reserve",37.379514,-121.4448,"Santa Clara County","WEST","01/25/2020","PSRE",33,3,"male","adult",NA,NA,NA,NA,NA,0
"19","idr_770",0,0,0,0,"Blue Oak Ranch Reserve",37.379514,-121.4448,"Santa Clara County","WEST","01/25/2020","PSRE",36.5,6.75,"female","adult",NA,NA,NA,NA,NA,0
"20","idr_771",0.233040839,0.038489684,0.029427204,0.100319243,"Blue Oak Ranch Reserve",37.379514,-121.4448,"Santa Clara County","WEST","01/25/2020","PSRE",34,3,"male","adult",NA,NA,NA,NA,NA,8.02553944
"21","idr_761",0.031714533,0,0,0.010571511,"Blue Oak Ranch Reserve",37.379514,-121.4448,"Santa Clara County","WEST","01/25/2020","PSRE",34,4,"male","adult",NA,NA,NA,NA,NA,0.84572088
"22","idr_762",0,0,0,0,"Blue Oak Ranch Reserve",37.379514,-121.4448,"Santa Clara County","WEST","01/25/2020","PSRE",34,3.25,"male","adult",NA,NA,NA,NA,NA,0
"23","idr_763",0,0,0,0,"Blue Oak Ranch Reserve",37.379514,-121.4448,"Santa Clara County","WEST","01/25/2020","PSRE",37,4,"male","adult",NA,NA,NA,NA,NA,0
"24","idr_764",0,0,0,0,"Blue Oak Ranch Reserve",37.379514,-121.4448,"Santa Clara County","WEST","01/25/2020","PSRE",35,3.5,"male","adult",NA,NA,NA,NA,NA,0
"25","idr_765",0,0,0,0,"Blue Oak Ranch Reserve",37.379514,-121.4448,"Santa Clara County","WEST","01/25/2020","PSRE",31,4,"male","adult",NA,NA,NA,NA,NA,0
"26","tsk_15",NA,NA,NA,NA,"Pleasanton Ridge Regional Park",37.64720844,-121.9192917,"Alameda County","PRPND010","01/26/2020","TAxx_1",54,20,"male","adult",7.73,14,182.2,156,0.11,NA
"27","tsk_16",NA,NA,NA,NA,"Pleasanton Ridge Regional Park",37.64720844,-121.9192917,"Alameda County","PRPND010","01/26/2020","TAxx_2",66,15,"female","adult",7.73,14,182.2,156,0.11,NA
"28","tsk_17",NA,NA,NA,NA,"Pleasanton Ridge Regional Park",37.64720844,-121.9192917,"Alameda County","PRPND010","01/26/2020","TAxx_1",74,21,"male","adult",7.73,14,182.2,156,0.11,NA
"29","tsk_18",NA,NA,NA,NA,"Pleasanton Ridge Regional Park",37.64720844,-121.9192917,"Alameda County","PRPND010","01/26/2020","TAxx_1",84,27,"male","adult",7.73,14,182.2,156,0.11,NA
"30","idr_773",NA,NA,NA,NA,"Pleasanton Ridge Regional Park",37.64720844,-121.9192917,"Alameda County","PRPND010","01/26/2020","PSRE",35,3.5,"male","adult",7.73,14,182.2,156,0.11,NA
"31","tsk_19",NA,NA,NA,NA,"Pleasanton Ridge Regional Park",37.64720844,-121.9192917,"Alameda County","PRPND010","01/26/2020","TAxx_1",74,22.5,"male","adult",7.73,14,182.2,156,0.11,NA
"32","tsk_20",NA,NA,NA,NA,"Pleasanton Ridge Regional Park",37.64720844,-121.9192917,"Alameda County","PRPND010","01/26/2020","TAxx_2",72,22.5,"male","adult",7.73,14,182.2,156,0.11,NA
"33","tsk_21",NA,NA,NA,NA,"Pleasanton Ridge Regional Park",37.64720844,-121.9192917,"Alameda County","PRPND010","01/26/2020","TAxx_2",59,18,"female","adult",7.73,14,182.2,156,0.11,NA
"34","tsk_22",NA,NA,NA,NA,"Pleasanton Ridge Regional Park",37.64720844,-121.9192917,"Alameda County","PRPND010","01/26/2020","TAxx_1",58,21.5,"male","adult",7.73,14,182.2,156,0.11,NA
"35","tsk_23",NA,NA,NA,NA,"Pleasanton Ridge Regional Park",37.64720844,-121.9192917,"Alameda County","PRPND010","01/26/2020","TAxx_2",69,13.5,"female","adult",7.73,14,182.2,156,0.11,NA
"36","tsk_24",NA,NA,NA,NA,"Pleasanton Ridge Regional Park",37.64720844,-121.9192917,"Alameda County","PRPND010","01/26/2020","TAxx_2",74,19,"female","adult",7.73,14,182.2,156,0.11,NA
"37","idr_774",0,0,0,0,"Pleasanton Ridge Regional Park",37.64720844,-121.9192917,"Alameda County","PRPND010","01/26/2020","PSRE",39,8.5,"female","adult",7.73,14,182.2,156,0.11,0
"38","idr_775",0,0,0,0,"Pleasanton Ridge Regional Park",37.64720844,-121.9192917,"Alameda County","PRPND010","01/26/2020","PSRE",NA,NA,"male","adult",7.73,14,182.2,156,0.11,0
"39","idr_776",0,0,0,0,"Pleasanton Ridge Regional Park",37.64527893,-121.918319,"Alameda County","PRPND009","01/26/2020","PSRE",35,3,"male","adult",7.76,13.4,180,156,0.11,0
"40","idr_777",0,0,0,0,"Pleasanton Ridge Regional Park",37.64527893,-121.918319,"Alameda County","PRPND009","01/26/2020","PSRE",28,2,"male","adult",7.76,13.4,180,156,0.11,0
"41","idr_778",0,0,0,0,"Pleasanton Ridge Regional Park",37.64527893,-121.918319,"Alameda County","PRPND009","01/26/2020","PSRE",37,3.5,"male","adult",7.76,13.4,180,156,0.11,0
"42","idr_779",0,0,0,0,"Pleasanton Ridge Regional Park",37.64527893,-121.918319,"Alameda County","PRPND009","01/26/2020","PSRE",32,4.5,"male","adult",7.76,13.4,180,156,0.11,0
"43","idr_780",0,0,0,0,"Pleasanton Ridge Regional Park",37.64527893,-121.918319,"Alameda County","PRPND009","01/26/2020","PSRE",35,2,"male","adult",7.76,13.4,180,156,0.11,0
"44","idr_781",0,0,0,0,"Pleasanton Ridge Regional Park",37.64527893,-121.918319,"Alameda County","PRPND009","01/26/2020","PSRE",76,2,"male","adult",7.76,13.4,180,156,0.11,0
"45","tsk_25",NA,NA,NA,NA,"Pleasanton Ridge Regional Park",37.64527893,-121.918319,"Alameda County","PRPND009","01/26/2020","TAxx",69,12.5,"male","adult",7.76,13.4,180,156,0.11,NA
"46","tsk_26",NA,NA,NA,NA,"Pleasanton Ridge Regional Park",37.64527893,-121.918319,"Alameda County","PRPND009","01/26/2020","TAxx",77,22.5,"male","adult",7.76,13.4,180,156,0.11,NA
"47","tsk_27",NA,NA,NA,NA,"Pleasanton Ridge Regional Park",37.64527893,-121.918319,"Alameda County","PRPND009","01/26/2020","TAxx",79,20.5,"female","adult",7.76,13.4,180,156,0.11,NA
"48","tsk_28",NA,NA,NA,NA,"Pleasanton Ridge Regional Park",37.64527893,-121.918319,"Alameda County","PRPND009","01/26/2020","TAxx",71,22,"male","adult",7.76,13.4,180,156,0.11,NA
"49","tsk_29",NA,NA,NA,NA,"Pleasanton Ridge Regional Park",37.64527893,-121.918319,"Alameda County","PRPND009","01/26/2020","TAxx",80,NA,"male","adult",7.76,13.4,180,156,0.11,NA
"50","idr_782",0,0,0,0,"Pleasanton Ridge Regional Park",37.64527893,-121.918319,"Alameda County","PRPND009","01/26/2020","PSRE",29,4,"male","adult",7.76,13.4,180,156,0.11,0
"51","tsk_30",NA,NA,NA,NA,"Pleasanton Ridge Regional Park",37.64527893,-121.918319,"Alameda County","PRPND009","01/26/2020","TAxx",76,20,"male","adult",7.76,13.4,180,156,0.11,NA
"52","idr_783",0,0,0,0,"Pleasanton Ridge Regional Park",37.64527893,-121.918319,"Alameda County","PRPND009","01/26/2020","PSRE",30,3.25,"male","adult",7.76,13.4,180,156,0.11,0
"53","idr_784",0,0,0,0,"Pleasanton Ridge Regional Park",37.64527893,-121.918319,"Alameda County","PRPND009","01/26/2020","PSRE",29,1.75,"male","adult",7.76,13.4,180,156,0.11,0
"54","tsk_31",NA,NA,NA,NA,"Pleasanton Ridge Regional Park",37.64527893,-121.918319,"Alameda County","PRPND009","01/26/2020","TAxx",86,31,"male","adult",7.76,13.4,180,156,0.11,NA
"55","tsk_32",NA,NA,NA,NA,"Pleasanton Ridge Regional Park",37.64527893,-121.918319,"Alameda County","PRPND009","01/26/2020","TAxx",81,26,"male","adult",7.76,13.4,180,156,0.11,NA
"56","tsk_33",NA,NA,NA,NA,"Pleasanton Ridge Regional Park",37.64527893,-121.918319,"Alameda County","PRPND009","01/26/2020","TAxx",80,24,"male","adult",7.76,13.4,180,156,0.11,NA
"57","tsk_34",NA,NA,NA,NA,"Pleasanton Ridge Regional Park",37.64527893,-121.918319,"Alameda County","PRPND009","01/26/2020","TAxx",71,18,"male","adult",7.76,13.4,180,156,0.11,NA
"58","idr_785",0,0,0,0,"Garin/Dry Creek Pioneer",37.64296772,-122.0405019,"Alameda County","GDPND008","01/27/2020","PSRE",29,2.5,"male","adult",8.17,13.7,2140,1500,1.05,0
"59","idr_786",0,0,0,0,"Garin/Dry Creek Pioneer",37.64296772,-122.0405019,"Alameda County","GDPND008","01/27/2020","PSRE",32,2,"male","adult",8.17,13.7,2140,1500,1.05,0
"60","idr_787",0,0,0,0,"Garin/Dry Creek Pioneer",37.64296772,-122.0405019,"Alameda County","GDPND008","01/27/2020","PSRE",43,5,"male","adult",8.17,13.7,2140,1500,1.05,0
"61","idr_788",0.104121231,0.089656845,0,0.064592692,"Garin/Dry Creek Pioneer",37.64296772,-122.0405019,"Alameda County","GDPND008","01/27/2020","PSRE",31,2,"male","adult",8.17,13.7,2140,1500,1.05,5.16741536
"62","idr_789",0,0,0,0,"Garin/Dry Creek Pioneer",37.64296772,-122.0405019,"Alameda County","GDPND008","01/27/2020","PSRE",36,4,"male","adult",8.17,13.7,2140,1500,1.05,0
"63","idr_790",0.417210549,0.34742099,0.337894678,0.367508739,"Garin/Dry Creek Pioneer",37.64296772,-122.0405019,"Alameda County","GDPND008","01/27/2020","PSRE",36,4,"male","adult",8.17,13.7,2140,1500,1.05,29.40069912
"64","idr_791",0,0,0,0,"Garin/Dry Creek Pioneer",37.64296772,-122.0405019,"Alameda County","GDPND008","01/27/2020","PSRE",33,4,"male","adult",8.17,13.7,2140,1500,1.05,0
"65","idr_792",0.103650115,0,0,0.034550038,"Garin/Dry Creek Pioneer",37.64296772,-122.0405019,"Alameda County","GDPND008","01/27/2020","PSRE",39,4,"male","adult",8.17,13.7,2140,1500,1.05,2.76400304
"66","idr_793",0.144331753,0.034811486,0.063365586,0.080836275,"Garin/Dry Creek Pioneer",37.64296772,-122.0405019,"Alameda County","GDPND008","01/27/2020","PSRE",31,2.5,"male","adult",8.17,13.7,2140,1500,1.05,6.466902
"67","idr_794",0.218898535,0,0,0.072966178,"Garin/Dry Creek Pioneer",37.64296772,-122.0405019,"Alameda County","GDPND008","01/27/2020","PSRE",30,3,"male","adult",8.17,13.7,2140,1500,1.05,5.83729424
"68","tsk_35",NA,NA,NA,NA,"Garin/Dry Creek Pioneer",37.611846,-122.004401,"Alameda County","GDPND004","01/27/2020","TAxx",81,31,"male","adult",8.14,22,745,531,0.37,NA
"69","tsk_36",NA,NA,NA,NA,"Garin/Dry Creek Pioneer",37.611846,-122.004401,"Alameda County","GDPND004","01/27/2020","TAxx",71,23,"male","adult",8.14,22,745,531,0.37,NA
"70","tsk_37",NA,NA,NA,NA,"Garin/Dry Creek Pioneer",37.611846,-122.004401,"Alameda County","GDPND004","01/27/2020","TAxx",68,15.5,"female","adult",8.14,22,745,531,0.37,NA
"71","tsk_38",NA,NA,NA,NA,"Garin/Dry Creek Pioneer",37.611846,-122.004401,"Alameda County","GDPND004","01/27/2020","TAxx",28,14,"female","adult",8.14,22,745,531,0.37,NA
"72","tsk_39",NA,NA,NA,NA,"Garin/Dry Creek Pioneer",37.611846,-122.004401,"Alameda County","GDPND004","01/27/2020","TAxx",67,22.5,"male","adult",8.14,22,745,531,0.37,NA
"73","tsk_40",NA,NA,NA,NA,"Garin/Dry Creek Pioneer",37.611846,-122.004401,"Alameda County","GDPND004","01/27/2020","TAxx",64,20,"male","adult",8.14,22,745,531,0.37,NA
"74","tsk_41",NA,NA,NA,NA,"Garin/Dry Creek Pioneer",37.611846,-122.004401,"Alameda County","GDPND004","01/27/2020","TAxx",67,16.5,"male","adult",8.14,22,745,531,0.37,NA
"75","tsk_42",NA,NA,NA,NA,"Garin/Dry Creek Pioneer",37.611846,-122.004401,"Alameda County","GDPND004","01/27/2020","TAxx",67,17,"female","adult",8.14,22,745,531,0.37,NA
"76","tsk_43",NA,NA,NA,NA,"Garin/Dry Creek Pioneer",37.611846,-122.004401,"Alameda County","GDPND004","01/27/2020","TAxx",63,20,"male","adult",8.14,22,745,531,0.37,NA
"77","tsk_44",NA,NA,NA,NA,"Garin/Dry Creek Pioneer",37.611846,-122.004401,"Alameda County","GDPND004","01/27/2020","TAxx",68,20,"female","adult",8.14,22,745,531,0.37,NA
"78","idr_795",0,0,0,0,"Garin/Dry Creek Pioneer",37.63528823,-122.0246109,"Alameda County","GDPND009","01/27/2020","PSRE",36,4.5,"male","adult",8.53,20.3,597,442,0.3,0
"79","idr_796",0,0,0,0,"Garin/Dry Creek Pioneer",37.63528823,-122.0246109,"Alameda County","GDPND009","01/27/2020","PSRE",35,4,"male","adult",8.53,20.3,597,442,0.3,0
"80","idr_797",0,0,0,0,"Garin/Dry Creek Pioneer",37.63528823,-122.0246109,"Alameda County","GDPND009","01/27/2020","PSRE",36,3.5,"male","adult",8.53,20.3,597,442,0.3,0
"81","idr_798",0.036621124,0,0.042682629,0.026434584,"Garin/Dry Creek Pioneer",37.63528823,-122.0246109,"Alameda County","GDPND009","01/27/2020","PSRE",34,4,"male","adult",8.53,20.3,597,442,0.3,2.11476672
"82","idr_799",0,0,0,0,"Garin/Dry Creek Pioneer",37.63528823,-122.0246109,"Alameda County","GDPND009","01/27/2020","PSRE",34,4,"male","adult",8.53,20.3,597,442,0.3,0
"83","idr_800",0,0,0,0,"Garin/Dry Creek Pioneer",37.63528823,-122.0246109,"Alameda County","GDPND009","01/27/2020","PSRE",31,3,"male","adult",8.53,20.3,597,442,0.3,0
"84","idr_801",0,0,0,0,"Garin/Dry Creek Pioneer",37.63528823,-122.0246109,"Alameda County","GDPND009","01/27/2020","PSRE",33,3.5,"male","adult",8.53,20.3,597,442,0.3,0
"85","idr_802",0,0,0,0,"Garin/Dry Creek Pioneer",37.63528823,-122.0246109,"Alameda County","GDPND009","01/27/2020","PSRE",34,3.5,"male","adult",8.53,20.3,597,442,0.3,0
"86","idr_803",0.463954002,0.143577933,0.115362048,0.240964661,"Garin/Dry Creek Pioneer",37.63528823,-122.0246109,"Alameda County","GDPND009","01/27/2020","PSRE",34,3.5,"male","adult",8.53,20.3,597,442,0.3,19.27717288
"87","idr_804",0,0,0,0,"Briones Regional Park",37.931326,-122.16635,"Contra Costa County","CA-BN016","01/28/2020","PSRE",37,4,"male","adult",9.29,16.9,733,565,0.4,0
"88","idr_805",0,0,0,0,"Briones Regional Park",37.931326,-122.16635,"Contra Costa County","CA-BN016","01/28/2020","PSRE",34,3.5,"male","adult",9.29,16.9,733,565,0.4,0
"89","idr_806",0,0,0,0,"Briones Regional Park",37.931326,-122.16635,"Contra Costa County","CA-BN016","01/28/2020","PSRE",35,4,"male","adult",9.29,16.9,733,565,0.4,0
"90","idr_807",0,0,0,0,"Briones Regional Park",37.931326,-122.16635,"Contra Costa County","CA-BN016","01/28/2020","PSRE",31,3,"male","adult",9.29,16.9,733,565,0.4,0
"91","idr_808",0,0,0,0,"Briones Regional Park",37.931326,-122.16635,"Contra Costa County","CA-BN016","01/28/2020","PSRE",32,3,"male","adult",9.29,16.9,733,565,0.4,0
"92","tsk_45",NA,NA,NA,NA,"Briones Regional Park",37.927101,-122.161295,"Contra Costa County","BNPND024","01/28/2020","TAxx",59,16.5,"male","adult",9.29,16.9,733,565,0.4,NA
"93","tsk_46",NA,NA,NA,NA,"Briones Regional Park",37.927101,-122.161295,"Contra Costa County","BNPND024","01/28/2020","TAxx",59,14.5,"female","adult",9.29,16.9,733,565,0.4,NA
"94","idr_809",0,0,0,0,"Briones Regional Park",37.927101,-122.161295,"Contra Costa County","BNPND024","01/28/2020","PSRE",33,3,"male","adult",9.29,16.9,733,565,0.4,0
"95","idr_810",0,0,0,0,"Briones Regional Park",37.927101,-122.161295,"Contra Costa County","BNPND024","01/28/2020","PSRE",32,4.5,"male","adult",9.29,16.9,733,565,0.4,0
"96","idr_811",0,0,0,0,"Briones Regional Park",37.927101,-122.161295,"Contra Costa County","BNPND024","01/28/2020","PSRE",32,3,"male","adult",9.29,16.9,733,565,0.4,0
"97","tsk_47",NA,NA,NA,NA,"Briones Regional Park",37.94566,-122.133961,"Contra Costa County","BNPND002","01/28/2020","TAxx",68,24,"male","adult",7.09,16.7,238,223,0.2,NA
"98","tsk_48",NA,NA,NA,NA,"Briones Regional Park",37.94566,-122.133961,"Contra Costa County","BNPND002","01/28/2020","TAxx",60,12.5,"female","adult",7.09,16.7,238,223,0.2,NA
"99","tsk_49",NA,NA,NA,NA,"Briones Regional Park",37.94566,-122.133961,"Contra Costa County","BNPND002","01/28/2020","TAxx",57,17.5,"male","adult",7.09,16.7,238,223,0.2,NA
"100","tsk_50",NA,NA,NA,NA,"Briones Regional Park",37.94566,-122.133961,"Contra Costa County","BNPND002","01/28/2020","TAxx",70,27,"male","adult",7.09,16.7,238,223,0.2,NA
"101","tsk_51",NA,NA,NA,NA,"Briones Regional Park",37.94566,-122.133961,"Contra Costa County","BNPND002","01/28/2020","TAxx",55,14.5,"male","adult",7.09,16.7,238,223,0.2,NA
"102","tsk_52",NA,NA,NA,NA,"Briones Regional Park",37.94566,-122.133961,"Contra Costa County","BNPND002","01/28/2020","TAxx",56,22,"female","adult",7.09,16.7,238,223,0.2,NA
"103","tsk_53",NA,NA,NA,NA,"Briones Regional Park",37.94566,-122.133961,"Contra Costa County","BNPND002","01/28/2020","TAxx",52,19,"male","adult",7.09,16.7,238,223,0.2,NA
"104","tsk_54",NA,NA,NA,NA,"Briones Regional Park",37.94566,-122.133961,"Contra Costa County","BNPND002","01/28/2020","TAxx",49,13,"female","adult",7.09,16.7,238,223,0.2,NA
"105","tsk_55",NA,NA,NA,NA,"Briones Regional Park",37.94566,-122.133961,"Contra Costa County","BNPND002","01/28/2020","TAxx",67,15.5,"male","adult",7.09,16.7,238,223,0.2,NA
"106","idr_812",NA,NA,NA,NA,"Briones Regional Park",37.94566,-122.133961,"Contra Costa County","BNPND002","01/28/2020","PSRE",32,3.5,"male","adult",7.09,16.7,238,223,0.2,NA
"107","tsk_56",NA,NA,NA,NA,"Briones Regional Park",37.94566,-122.133961,"Contra Costa County","BNPND002","01/28/2020","TAxx",65,15,"female","adult",7.09,16.7,238,223,0.2,NA
"108","tsk_57",NA,NA,NA,NA,"Briones Regional Park",37.94433,-122.133747,"Contra Costa County","BNPND003","01/28/2020","TAxx",72,25,"male","adult",9.05,19.7,361,255,0.18,NA
"109","tsk_58",NA,NA,NA,NA,"Briones Regional Park",37.94433,-122.133747,"Contra Costa County","BNPND003","01/28/2020","TAxx",61,27,"male","adult",9.05,19.7,361,255,0.18,NA
"110","tsk_59",NA,NA,NA,NA,"Briones Regional Park",37.94433,-122.133747,"Contra Costa County","BNPND003","01/28/2020","TAxx",54.5,13.5,"female","adult",9.05,19.7,361,255,0.18,NA
"111","tsk_60",NA,NA,NA,NA,"Briones Regional Park",37.94433,-122.133747,"Contra Costa County","BNPND003","01/28/2020","TAxx",52,10.25,"female","adult",9.05,19.7,361,255,0.18,NA
"112","tsk_61",NA,NA,NA,NA,"Briones Regional Park",37.94433,-122.133747,"Contra Costa County","BNPND003","01/28/2020","TAxx",71,20,"male","adult",9.05,19.7,361,255,0.18,NA
"113","tsk_62",NA,NA,NA,NA,"Briones Regional Park",37.94433,-122.133747,"Contra Costa County","BNPND003","01/28/2020","TAxx",62,24,"female","adult",9.05,19.7,361,255,0.18,NA
"114","tsk_63",NA,NA,NA,NA,"Briones Regional Park",37.94433,-122.133747,"Contra Costa County","BNPND003","01/28/2020","TAxx",71,24,"male","adult",9.05,19.7,361,255,0.18,NA
"115","tsk_64",NA,NA,NA,NA,"Briones Regional Park",37.94433,-122.133747,"Contra Costa County","BNPND003","01/28/2020","TAxx",61,23,"male","adult",9.05,19.7,361,255,0.18,NA
"116","tsk_65",NA,NA,NA,NA,"Briones Regional Park",37.94433,-122.133747,"Contra Costa County","BNPND003","01/28/2020","TAxx",69.5,18,"male","adult",9.05,19.7,361,255,0.18,NA
"117","tsk_66",NA,NA,NA,NA,"Briones Regional Park",37.94433,-122.133747,"Contra Costa County","BNPND003","01/28/2020","TAxx",57,15,"male","adult",9.05,19.7,361,255,0.18,NA
"118","tsk_68",NA,NA,NA,NA,"Blue Oak Ranch Reserve",37.383361,-121.738209,"Santa Clara County","BARN","01/28/2020","PSRE",31,3.75,"male","adult",NA,NA,NA,NA,NA,NA
"119","tsk_69",NA,NA,NA,NA,"Blue Oak Ranch Reserve",37.383361,-121.738209,"Santa Clara County","BARN","01/29/2020","PSRE",37,3.25,"male","adult",NA,NA,NA,NA,NA,NA
"120","tsk_70",NA,NA,NA,NA,"Blue Oak Ranch Reserve",37.383361,-121.738209,"Santa Clara County","BARN","01/30/2020","PSRE",32,3.75,"male","adult",NA,NA,NA,NA,NA,NA
"121","tsk_71",NA,NA,NA,NA,"Blue Oak Ranch Reserve",37.383361,-121.738209,"Santa Clara County","BARN","01/31/2020","PSRE",31,3.5,"male","adult",NA,NA,NA,NA,NA,NA
"122","tsk_72",NA,NA,NA,NA,"Blue Oak Ranch Reserve",37.383361,-121.738209,"Santa Clara County","BARN","02/01/2020","PSRE",33,3.5,"male","adult",NA,NA,NA,NA,NA,NA
"123","tsk_73",NA,NA,NA,NA,"Blue Oak Ranch Reserve",37.383361,-121.738209,"Santa Clara County","BARN","02/02/2020","PSRE",29,2.5,"male","adult",NA,NA,NA,NA,NA,NA
"124","tsk_74",NA,NA,NA,NA,"Blue Oak Ranch Reserve",37.383361,-121.738209,"Santa Clara County","BARN","02/03/2020","PSRE",33,4.5,"male","adult",NA,NA,NA,NA,NA,NA
"125","tsk_75",NA,NA,NA,NA,"Blue Oak Ranch Reserve",37.383361,-121.738209,"Santa Clara County","BARN","02/04/2020","PSRE",26,2.25,"male","adult",NA,NA,NA,NA,NA,NA
"126","tsk_76",NA,NA,NA,NA,"Blue Oak Ranch Reserve",37.383361,-121.738209,"Santa Clara County","BARN","02/05/2020","PSRE",29,3,"male","adult",NA,NA,NA,NA,NA,NA
"127","tsk_77",NA,NA,NA,NA,"Blue Oak Ranch Reserve",37.383361,-121.738209,"Santa Clara County","BARN","02/06/2020","PSRE",29,4,"male","adult",NA,NA,NA,NA,NA,NA
"128","tsk_78",NA,NA,NA,16.1535,"Blue Oak Ranch Reserve",37.38818797,-121.7470853,"Santa Clara County","NORTH","03/07/2020","PSRE",29,NA,"m","adult",7.97,13,305,223,0.16,1292.28
"129","tsk_79",NA,NA,NA,0,"Blue Oak Ranch Reserve",37.38818797,-121.7470853,"Santa Clara County","NORTH","03/07/2020","PSRE",28,NA,"m","adult",7.97,13,305,223,0.16,0
"130","tsk_80",NA,NA,NA,4.38345,"Blue Oak Ranch Reserve",37.38818797,-121.7470853,"Santa Clara County","NORTH","03/07/2020","PSRE",37,NA,"m","adult",7.97,13,305,223,0.16,350.676
"131","tsk_81",NA,NA,NA,6.91548,"Blue Oak Ranch Reserve",37.38818797,-121.7470853,"Santa Clara County","NORTH","03/07/2020","PSRE",32,NA,"m","adult",7.97,13,305,223,0.16,553.2384
"132","tsk_82",NA,NA,NA,0.331332,"Blue Oak Ranch Reserve",37.38818797,-121.7470853,"Santa Clara County","NORTH","03/07/2020","PSRE",32,NA,"m","adult",7.97,13,305,223,0.16,26.50656
"133","tsk_83",NA,NA,NA,1.8882,"Blue Oak Ranch Reserve",37.38818797,-121.7470853,"Santa Clara County","NORTH","03/07/2020","PSRE",34,NA,"m","adult",7.97,13,305,223,0.16,151.056
"134","tsk_84",NA,NA,NA,0,"Blue Oak Ranch Reserve",37.38818797,-121.7470853,"Santa Clara County","NORTH","03/07/2020","PSRE",37,NA,"m","adult",7.97,13,305,223,0.16,0
"135","tsk_85",NA,NA,NA,0.0544656,"Blue Oak Ranch Reserve",37.38818797,-121.7470853,"Santa Clara County","NORTH","03/07/2020","PSRE",31,NA,"m","adult",7.97,13,305,223,0.16,4.357248
"136","tsk_86",NA,NA,NA,590.829,"Blue Oak Ranch Reserve",37.38818797,-121.7470853,"Santa Clara County","NORTH","03/07/2020","PSRE",23,NA,"f","adult",7.97,13,305,223,0.16,47266.32
"137","tsk_87",NA,NA,NA,0,"Blue Oak Ranch Reserve",37.38818797,-121.7470853,"Santa Clara County","NORTH","03/07/2020","PSRE",28,NA,"m","adult",7.97,13,305,223,0.16,0
"138","tsk_98",NA,NA,NA,NA,"Pleasanton Ridge Regional Park",37.64720844,-121.9192917,"Alameda County","PRPND010","03/08/2020","PSRE",36,4,"m","adult",7.73,14,182.2,156,0.11,NA
"139","tsk_88",NA,NA,NA,18.8627,"Blue Oak Ranch Reserve",37.383361,-121.738209,"Santa Clara County","BARN","03/07/2020","PSRE",33,NA,"m","adult",NA,NA,NA,NA,NA,1509.016
"140","tsk_89",NA,NA,NA,5.35994,"Blue Oak Ranch Reserve",37.383361,-121.738209,"Santa Clara County","BARN","03/07/2020","PSRE",38,NA,"m","adult",NA,NA,NA,NA,NA,428.7952
"141","tsk_90",NA,NA,NA,0.542571,"Blue Oak Ranch Reserve",37.383361,-121.738209,"Santa Clara County","BARN","03/07/2020","PSRE",34.5,NA,"m","adult",NA,NA,NA,NA,NA,43.40568
"142","tsk_91",NA,NA,NA,93.9566,"Blue Oak Ranch Reserve",37.383361,-121.738209,"Santa Clara County","BARN","03/07/2020","PSRE",33,NA,"m","adult",NA,NA,NA,NA,NA,7516.528
"143","tsk_92",NA,NA,NA,0.204294,"Blue Oak Ranch Reserve",37.383361,-121.738209,"Santa Clara County","BARN","03/07/2020","PSRE",31,NA,"f","adult",NA,NA,NA,NA,NA,16.34352
"144","tsk_93",NA,NA,NA,0.938715,"Blue Oak Ranch Reserve",37.383361,-121.738209,"Santa Clara County","BARN","03/07/2020","PSRE",31,NA,"m","adult",NA,NA,NA,NA,NA,75.0972
"145","tsk_94",NA,NA,NA,38.4622,"Blue Oak Ranch Reserve",37.383361,-121.738209,"Santa Clara County","BARN","03/07/2020","PSRE",34,NA,"m","adult",NA,NA,NA,NA,NA,3076.976
"146","tsk_95",NA,NA,NA,0.103048,"Blue Oak Ranch Reserve",37.383361,-121.738209,"Santa Clara County","BARN","03/07/2020","PSRE",34,NA,"m","adult",NA,NA,NA,NA,NA,8.24384
"147","tsk_96",NA,NA,NA,10.3195,"Blue Oak Ranch Reserve",37.383361,-121.738209,"Santa Clara County","BARN","03/07/2020","PSRE",32,NA,"m","adult",NA,NA,NA,NA,NA,825.56
"148","tsk_97",NA,NA,NA,2.19942,"Blue Oak Ranch Reserve",37.383361,-121.738209,"Santa Clara County","BARN","03/07/2020","PSRE",33,NA,"m","adult",NA,NA,NA,NA,NA,175.9536
"149","tsk_99",NA,NA,NA,0,"Pleasanton Ridge Regional Park",37.64527893,-121.918319,"Alameda County","PRPND009","03/08/2020","PSRE",21,NA,"","metamorph",7.76,13.4,180,156,0.11,0
"150","tsk_100",NA,NA,NA,0.0593036,"Pleasanton Ridge Regional Park",37.64527893,-121.918319,"Alameda County","PRPND009","03/08/2020","RACA",47,NA,"","adult",7.76,13.4,180,156,0.11,4.744288
"151","tsk_101",NA,NA,NA,NA,"Pleasanton Ridge Regional Park",37.607681,-121.890551,"Alameda County","PRPND002","03/08/2020","",NA,NA,"","",7.92,17.2,1026,734,0.53,NA
"152","tsk_102",NA,NA,NA,0,"Blue Oak Ranch Reserve",37.379497,-121.731727,"Santa Clara County","CABIN","03/08/2020","PSRE",28,NA,"m","adult",NA,NA,NA,NA,NA,0
"153","tsk_103",NA,NA,NA,NA,"Blue Oak Ranch Reserve",37.379497,-121.731727,"Santa Clara County","CABIN","03/08/2020","PSRE",33,NA,"m","adult",NA,NA,NA,NA,NA,NA
"154","tsk_104",NA,NA,NA,0,"Blue Oak Ranch Reserve",37.379497,-121.731727,"Santa Clara County","CABIN","03/08/2020","PSRE",33,NA,"m","adult",NA,NA,NA,NA,NA,0
"155","tsk_105",NA,NA,NA,1.88969,"Blue Oak Ranch Reserve",37.379497,-121.731727,"Santa Clara County","CABIN","03/08/2020","PSRE",33,NA,"m","adult",NA,NA,NA,NA,NA,151.1752
"156","tsk_106",NA,NA,NA,0.0193277,"Blue Oak Ranch Reserve",37.379497,-121.731727,"Santa Clara County","CABIN","03/08/2020","RACA",83.4,NA,"f","adult",NA,NA,NA,NA,NA,1.546216
"157","tsk_107",NA,NA,NA,0,"Blue Oak Ranch Reserve",37.379497,-121.731727,"Santa Clara County","CABIN","03/08/2020","PSRE",30.5,NA,"m","adult",NA,NA,NA,NA,NA,0
"158","tsk_108",NA,NA,NA,2.0184,"Blue Oak Ranch Reserve",37.379497,-121.731727,"Santa Clara County","CABIN","03/08/2020","PSRE",34,NA,"m","adult",NA,NA,NA,NA,NA,161.472
"159","tsk_109",NA,NA,NA,0,"Blue Oak Ranch Reserve",37.379497,-121.731727,"Santa Clara County","CABIN","03/08/2020","PSRE",31,NA,"m","adult",NA,NA,NA,NA,NA,0
"160","tsk_110",NA,NA,NA,12.6604,"Blue Oak Ranch Reserve",37.379497,-121.731727,"Santa Clara County","CABIN","03/08/2020","RACA",101,NA,"f","adult",NA,NA,NA,NA,NA,1012.832
"161","tsk_111",NA,NA,NA,0,"Blue Oak Ranch Reserve",37.379497,-121.731727,"Santa Clara County","CABIN","03/08/2020","PSRE",32,NA,"m","adult",NA,NA,NA,NA,NA,0
"162","tsk_112",NA,NA,NA,5.56933,"Blue Oak Ranch Reserve",37.379497,-121.731727,"Santa Clara County","CABIN","03/08/2020","PSRE",31,NA,"m","adult",NA,NA,NA,NA,NA,445.5464
"163","tsk_113",NA,NA,NA,0,"Blue Oak Ranch Reserve",37.379497,-121.731727,"Santa Clara County","CABIN","03/08/2020","PSRE",30,NA,"m","adult",NA,NA,NA,NA,NA,0
"164","tsk_114",NA,NA,NA,3.58,"Blue Oak Ranch Reserve",37.379497,-121.731727,"Santa Clara County","CABIN","03/08/2020","RACA",45,NA,"f","adult",NA,NA,NA,NA,NA,286.4
"165","tsk_115",NA,NA,NA,0.0820968,"Garin/Dry Creek Regional Park",37.64296772,-122.0405019,"Alameda County","GDPND008","03/09/2020","PSRE",33,NA,"m","adult",8.17,13.7,2140,1500,1.05,6.567744
"166","tsk_116",NA,NA,NA,0,"Garin/Dry Creek Regional Park",37.64296772,-122.0405019,"Alameda County","GDPND008","03/09/2020","PSRE",39,NA,"f","adult",8.17,13.7,2140,1500,1.05,0
"167","tsk_117",NA,NA,NA,NA,"Garin/Dry Creek Regional Park",37.64296772,-122.0405019,"Alameda County","GDPND008","03/09/2020","PSRE",30,NA,"m","adult",8.17,13.7,2140,1500,1.05,NA
"168","tsk_118",NA,NA,NA,0,"Garin/Dry Creek Regional Park",37.63528823,-122.0246109,"Alameda County","GDPND009","03/09/2020","PSRE",34,NA,"m","adult",8.53,20.3,597,442,0.3,0
"169","tsk_119",NA,NA,NA,0.541195,"Garin/Dry Creek Regional Park",37.63528823,-122.0246109,"Alameda County","GDPND009","03/09/2020","PSRE",32,NA,"m","adult",8.53,20.3,597,442,0.3,43.2956
"170","tsk_120",NA,NA,NA,0.809643,"Garin/Dry Creek Regional Park",37.63528823,-122.0246109,"Alameda County","GDPND009","03/09/2020","PSRE",33,NA,"m","adult",8.53,20.3,597,442,0.3,64.77144
"171","tsk_121",NA,NA,NA,0.504185,"Garin/Dry Creek Regional Park",37.63528823,-122.0246109,"Alameda County","GDPND009","03/09/2020","PSRE",35,NA,"m","adult",8.53,20.3,597,442,0.3,40.3348
"172","tsk_122",NA,NA,NA,0.534216,"Garin/Dry Creek Regional Park",37.63528823,-122.0246109,"Alameda County","GDPND009","03/09/2020","PSRE",30,NA,"m","adult",8.53,20.3,597,442,0.3,42.73728
"173","tsk_123",NA,NA,NA,0.730567,"Garin/Dry Creek Regional Park",37.63528823,-122.0246109,"Alameda County","GDPND009","03/09/2020","PSRE",31,NA,"m","adult",8.53,20.3,597,442,0.3,58.44536
"174","tsk_124",NA,NA,NA,0,"Garin/Dry Creek Regional Park",37.63528823,-122.0246109,"Alameda County","GDPND009","03/09/2020","PSRE",32.5,NA,"m","adult",8.53,20.3,597,442,0.3,0
"175","tsk_125",NA,NA,NA,0,"Garin/Dry Creek Regional Park",37.63528823,-122.0246109,"Alameda County","GDPND009","03/09/2020","PSRE",31,NA,"m","adult",8.53,20.3,597,442,0.3,0
"176","tsk_126",NA,NA,NA,12.4866,"Garin/Dry Creek Regional Park",37.63528823,-122.0246109,"Alameda County","GDPND009","03/09/2020","PSRE",31,NA,"m","adult",8.53,20.3,597,442,0.3,998.928
"177","tsk_127",NA,NA,NA,0,"Garin/Dry Creek Regional Park",37.63528823,-122.0246109,"Alameda County","GDPND009","03/09/2020","PSRE",34,NA,"m","adult",8.53,20.3,597,442,0.3,0
"178","tsk_128",NA,NA,NA,0.0606306,"Briones Regional Park",37.94566,-122.133961,"Contra Costa County","BNPND002","03/10/2020","TAxx",58,24,"","adult",7.09,16.7,238,223,0.2,4.850448
"179","tsk_129",NA,NA,NA,0,"Briones Regional Park",37.94566,-122.133961,"Contra Costa County","BNPND002","03/10/2020","TAxx",55,25,"","adult",7.09,16.7,238,223,0.2,0
"180","tsk_130",NA,NA,NA,0.0188043,"Briones Regional Park",37.94566,-122.133961,"Contra Costa County","BNPND002","03/10/2020","TAxx",56.5,26.5,"","adult",7.09,16.7,238,223,0.2,1.504344
"181","tsk_131",NA,NA,NA,0.135712,"Briones Regional Park",37.94566,-122.133961,"Contra Costa County","BNPND002","03/10/2020","TAxx",60,29,"","adult",7.09,16.7,238,223,0.2,10.85696
"182","tsk_132",NA,NA,NA,0,"Briones Regional Park",NA,NA,"","CA-BN003","03/10/2020","TAxx",61,30,"f","adult",9.05,19.7,361,255,0.18,0
"183","tsk_133",NA,NA,NA,0,"Briones Regional Park",NA,NA,"","CA-BN003","03/10/2020","TAxx",53,31,"f","adult",9.05,19.7,361,255,0.18,0
"184","tsk_134",NA,NA,NA,0.019505,"Briones Regional Park",NA,NA,"","CA-BN003","03/10/2020","TAxx",74.5,30.5,"m","adult",9.05,19.7,361,255,0.18,1.5604
"185","tsk_135",NA,NA,NA,0,"Briones Regional Park",NA,NA,"","CA-BN003","03/10/2020","TAxx",69,38,"m","adult",9.05,19.7,361,255,0.18,0
"186","tsk_136",NA,NA,NA,0,"Briones Regional Park",NA,NA,"","CA-BN003","03/10/2020","TAxx",67,41,"m","adult",9.05,19.7,361,255,0.18,0
"187","tsk_137",NA,NA,NA,0,"Briones Regional Park",NA,NA,"","CA-BN003","03/10/2020","TAxx",66,39,"m","adult",9.05,19.7,361,255,0.18,0
"188","tsk_138",NA,NA,NA,0,"Briones Regional Park",NA,NA,"","CA-BN003","03/10/2020","TAxx",60,39,"f","adult",9.05,19.7,361,255,0.18,0
"189","tsk_139",NA,NA,NA,0,"Briones Regional Park",NA,NA,"","CA-BN003","03/10/2020","TAxx",61,32,"f","adult",9.05,19.7,361,255,0.18,0
"190","tsk_140",NA,NA,NA,0,"Briones Regional Park",NA,NA,"","CA-BN003","03/10/2020","TAxx",69,33,"f","adult",9.05,19.7,361,255,0.18,0
"191","tsk_141",NA,NA,NA,0.11163,"Briones Regional Park",NA,NA,"","CA-BN003","03/10/2020","TAxx",57.5,25,"f","adult",9.05,19.7,361,255,0.18,8.9304
"192","tsk_142",NA,NA,NA,590.829,"Briones Regional Park",37.9435248,-122.1410001,"Contra Costa County","CA-BN004","03/10/2020","PSRE",33.5,NA,"m","adult",7.35,19.6,405,287,0.18,47266.32
"193","tsk_143",NA,NA,NA,102.909,"Briones Regional Park",37.9435248,-122.1410001,"Contra Costa County","CA-BN004","03/10/2020","PSRE",29,NA,"m","adult",7.35,19.6,405,287,0.18,8232.72
"194","tsk_144",NA,NA,NA,32.7994,"Briones Regional Park",37.9435248,-122.1410001,"Contra Costa County","CA-BN004","03/10/2020","PSRE",34,NA,"f","adult",7.35,19.6,405,287,0.18,2623.952
"195","tsk_145",NA,NA,NA,0,"Briones Regional Park",37.927101,-122.161295,"Contra Costa County","BNPND024","03/10/2020","PSRE",33.5,NA,"m","adult",11.31,20.8,378,241,0.18,0
"196","tsk_146",NA,NA,NA,0,"Briones Regional Park",37.927101,-122.161295,"Contra Costa County","BNPND024","03/10/2020","PSRE",33,NA,"m","adult",11.31,20.8,378,241,0.18,0
"197","tsk_147",NA,NA,NA,0.305551,"Briones Regional Park",37.927101,-122.161295,"Contra Costa County","BNPND024","03/10/2020","PSRE",28,NA,"m","adult",11.31,20.8,378,241,0.18,24.44408
"198","tsk_148",NA,NA,NA,0,"Briones Regional Park",37.927101,-122.161295,"Contra Costa County","BNPND024","03/10/2020","PSRE",31,NA,"m","adult",11.31,20.8,378,241,0.18,0
"199","tsk_149",NA,NA,NA,79.0608,"Briones Regional Park",37.927101,-122.161295,"Contra Costa County","BNPND024","03/10/2020","PSRE",33,NA,"m","adult",11.31,20.8,378,241,0.18,6324.864
"200","tsk_150",NA,NA,NA,0,"Briones Regional Park",37.927101,-122.161295,"Contra Costa County","BNPND024","03/10/2020","PSRE",31,NA,"m","adult",11.31,20.8,378,241,0.18,0
"202","tsk_152",NA,NA,NA,95.9203,"Briones Regional Park",37.927101,-122.161295,"Contra Costa County","BNPND024","03/10/2020","PSRE",35,NA,"m","adult",11.31,20.8,378,241,0.18,7673.624
"203","tsk_153",NA,NA,NA,0,"Briones Regional Park",37.927101,-122.161295,"Contra Costa County","BNPND024","03/10/2020","PSRE",31.5,NA,"f","adult",11.31,20.8,378,241,0.18,0
"204","tsk_154",NA,NA,NA,0,"Briones Regional Park",37.927101,-122.161295,"Contra Costa County","BNPND024","03/10/2020","PSRE",28.5,NA,"m","adult",11.31,20.8,378,241,0.18,0
"205","tsk_155",NA,NA,NA,0,"Briones Regional Park",37.931326,-122.16635,"Contra Costa County","CA-BN016","03/10/2020","PSRE",35,NA,"m","adult",9.29,16.9,733,565,0.4,0
"206","tsk_156",NA,NA,NA,0.0914752,"Briones Regional Park",37.931326,-122.16635,"Contra Costa County","CA-BN016","03/10/2020","PSRE",30,NA,"m","adult",9.29,16.9,733,565,0.4,7.318016
"207","tsk_157",NA,NA,NA,40.4499,"Briones Regional Park",37.931326,-122.16635,"Contra Costa County","CA-BN016","03/10/2020","PSRE",33,NA,"m","adult",9.29,16.9,733,565,0.4,3235.992
"208","tsk_158",NA,NA,NA,0,"Briones Regional Park",37.931326,-122.16635,"Contra Costa County","CA-BN016","03/10/2020","PSRE",32,NA,"m","adult",9.29,16.9,733,565,0.4,0
"209","tsk_159",NA,NA,NA,0,"Briones Regional Park",37.931326,-122.16635,"Contra Costa County","CA-BN016","03/10/2020","PSRE",33.5,NA,"m","adult",9.29,16.9,733,565,0.4,0
"210","tsk_160",NA,NA,NA,15.6958,"Briones Regional Park",37.931326,-122.16635,"Contra Costa County","CA-BN016","03/10/2020","PSRE",34,NA,"f","adult",9.29,16.9,733,565,0.4,1255.664
"211","tsk_161",NA,NA,NA,0,"Blue Oak Ranch Reserve",37.379514,-121.4448,"Santa Clara County","WEST","07/06/2020","PSRE",19,0.5,"","meta",9.16,20.6,365,261,0.2,0
"212","tsk_162",NA,NA,NA,0,"Blue Oak Ranch Reserve",37.379514,-121.4448,"Santa Clara County","WEST","07/06/2020","PSRE",20.1,1,"","meta",9.16,20.6,365,261,0.2,0
"213","tsk_163",NA,NA,NA,0,"Blue Oak Ranch Reserve",37.379514,-121.4448,"Santa Clara County","WEST","07/06/2020","PSRE",17.5,0.5,"","meta",9.16,20.6,365,261,0.2,0
"214","tsk_164",NA,NA,NA,0,"Blue Oak Ranch Reserve",37.379514,-121.4448,"Santa Clara County","WEST","07/06/2020","PSRE",20.1,0.5,"","meta",9.16,20.6,365,261,0.2,0
"215","tsk_165",NA,NA,NA,0,"Blue Oak Ranch Reserve",37.379514,-121.4448,"Santa Clara County","WEST","07/06/2020","PSRE",18,0.5,"","meta",9.16,20.6,365,261,0.2,0
"216","tsk_166",NA,NA,NA,0,"Blue Oak Ranch Reserve",37.379514,-121.4448,"Santa Clara County","WEST","07/06/2020","PSRE",18.2,0.5,"","meta",9.16,20.6,365,261,0.2,0
"217","tsk_167",NA,NA,NA,0,"Blue Oak Ranch Reserve",37.379514,-121.4448,"Santa Clara County","WEST","07/06/2020","PSRE",18,0.5,"","meta",9.16,20.6,365,261,0.2,0
"218","tsk_168",NA,NA,NA,0,"Blue Oak Ranch Reserve",37.379514,-121.4448,"Santa Clara County","WEST","07/06/2020","PSRE",18,0.75,"","meta",9.16,20.6,365,261,0.2,0
"219","tsk_169",NA,NA,NA,0,"Blue Oak Ranch Reserve",37.379514,-121.4448,"Santa Clara County","WEST","07/06/2020","PSRE",20,0.5,"","meta",9.16,20.6,365,261,0.2,0
"220","tsk_170",NA,NA,NA,0.02112,"Blue Oak Ranch Reserve",37.379514,-121.4448,"Santa Clara County","WEST","07/06/2020","PSRE",18.1,0.5,"","meta",9.16,20.6,365,261,0.2,1.6896
"221","tsk_171",NA,NA,NA,0,"Blue Oak Ranch Reserve",37.379514,-121.4448,"Santa Clara County","WEST","07/06/2020","PSRE",55.9,23,"f","adult",9.16,20.6,365,261,0.2,0
"222","tsk_172",NA,NA,NA,NA,"Blue Oak Ranch Reserve",37.379514,-121.4448,"Santa Clara County","WEST","07/06/2020","RACA",59.4,22,"f","adult",9.16,20.6,365,261,0.2,NA
"223","tsk_173",NA,NA,NA,0,"Blue Oak Ranch Reserve",37.379514,-121.4448,"Santa Clara County","WEST","07/06/2020","RACA",55,20,"f","adult",9.16,20.6,365,261,0.2,0
"224","tsk_174",NA,NA,NA,1.57265,"Blue Oak Ranch Reserve",37.379514,-121.4448,"Santa Clara County","WEST","07/06/2020","RACA",55.7,32.5,"f","adult",9.16,20.6,365,261,0.2,125.812
"225","tsk_175",NA,NA,NA,0,"Blue Oak Ranch Reserve",37.379497,-121.731727,"Santa Clara County","CABIN","07/06/2020","PSRE",21,0.5,"","meta",7.93,17.4,341,253,0.19,0
"226","tsk_176",NA,NA,NA,0,"Blue Oak Ranch Reserve",37.379497,-121.731727,"Santa Clara County","CABIN","07/06/2020","PSRE",20,0.5,"","meta",7.93,17.4,341,253,0.19,0
"227","tsk_177",NA,NA,NA,0,"Blue Oak Ranch Reserve",37.379497,-121.731727,"Santa Clara County","CABIN","07/06/2020","PSRE",17,0.5,"","meta",7.93,17.4,341,253,0.19,0
"228","tsk_178",NA,NA,NA,0,"Blue Oak Ranch Reserve",37.379497,-121.731727,"Santa Clara County","CABIN","07/06/2020","PSRE",22,1.25,"","meta",7.93,17.4,341,253,0.19,0
"229","tsk_179",NA,NA,NA,0,"Blue Oak Ranch Reserve",37.379497,-121.731727,"Santa Clara County","CABIN","07/06/2020","PSRE",18,0.5,"","meta",7.93,17.4,341,253,0.19,0
"230","tsk_180",NA,NA,NA,0,"Blue Oak Ranch Reserve",37.379497,-121.731727,"Santa Clara County","CABIN","07/06/2020","PSRE",18,0.5,"","meta",7.93,17.4,341,253,0.19,0
"231","tsk_181",NA,NA,NA,0,"Blue Oak Ranch Reserve",37.38818797,-121.7470853,"Santa Clara County","NORTH","07/07/2020","PSRE",20,1,"","meta",7.37,18.8,660,64,0.33,0
"232","tsk_182",NA,NA,NA,0,"Blue Oak Ranch Reserve",37.38818797,-121.7470853,"Santa Clara County","NORTH","07/07/2020","PSRE",20,0.5,"","meta",7.37,18.8,660,64,0.33,0
"233","tsk_183",NA,NA,NA,1.04327,"Blue Oak Ranch Reserve",37.38818797,-121.7470853,"Santa Clara County","NORTH","07/07/2020","PSRE",21,0.5,"","meta",7.37,18.8,660,64,0.33,83.4616
"234","tsk_184",NA,NA,NA,0,"Blue Oak Ranch Reserve",37.38818797,-121.7470853,"Santa Clara County","NORTH","07/07/2020","PSRE",19,0.5,"","meta",7.37,18.8,660,64,0.33,0
"235","tsk_185",NA,NA,NA,0,"Blue Oak Ranch Reserve",37.38818797,-121.7470853,"Santa Clara County","NORTH","07/07/2020","PSRE",20,0.5,"","meta",7.37,18.8,660,64,0.33,0
"236","tsk_186",NA,NA,NA,0,"Blue Oak Ranch Reserve",37.38818797,-121.7470853,"Santa Clara County","NORTH","07/07/2020","PSRE",19,0.5,"","meta",7.37,18.8,660,64,0.33,0
"237","tsk_187",NA,NA,NA,0,"Blue Oak Ranch Reserve",37.38818797,-121.7470853,"Santa Clara County","NORTH","07/07/2020","PSRE",18,NA,"","meta",7.37,18.8,660,64,0.33,0
"238","tsk_188",NA,NA,NA,0,"Blue Oak Ranch Reserve",37.38818797,-121.7470853,"Santa Clara County","NORTH","07/07/2020","PSRE",18,NA,"","meta",7.37,18.8,660,64,0.33,0
"239","tsk_189",NA,NA,NA,0,"Blue Oak Ranch Reserve",37.38818797,-121.7470853,"Santa Clara County","NORTH","07/07/2020","PSRE",22,1,"","meta",7.37,18.8,660,64,0.33,0
"240","tsk_190",NA,NA,NA,0,"Blue Oak Ranch Reserve",37.38818797,-121.7470853,"Santa Clara County","NORTH","07/07/2020","PSRE",18,2,"","meta",7.37,18.8,660,64,0.33,0
"241","tsk_191",NA,NA,NA,3.20064,"Blue Oak Ranch Reserve",37.38818797,-121.7470853,"Santa Clara County","NORTH","07/07/2020","PSRE",21,0.5,"","meta",7.37,18.8,660,64,0.33,256.0512
"242","tsk_192",NA,NA,NA,0,"Blue Oak Ranch Reserve",37.38818797,-121.7470853,"Santa Clara County","NORTH","07/07/2020","BUBO",91,NA,"","adult",7.37,18.8,660,64,0.33,0
"243","tsk_193",NA,NA,NA,0,"Blue Oak Ranch Reserve",37.375156,-121.72784,"Santa Clara County","GRAMP","07/07/2020","PSRE",19.3,1,"","meta",7.35,13.5,516,436,0.3,0
"244","tsk_194",NA,NA,NA,0,"Blue Oak Ranch Reserve",37.375156,-121.72784,"Santa Clara County","GRAMP","07/07/2020","PSRE",NA,0.5,"","meta",7.35,13.5,516,436,0.3,0
"245","tsk_195",NA,NA,NA,0.0694053,"Blue Oak Ranch Reserve",37.375156,-121.72784,"Santa Clara County","GRAMP","07/07/2020","RACA",39,7.5,"","GS44",7.35,13.5,516,436,0.3,5.552424
"246","tsk_196",NA,NA,NA,0.0211082,"Blue Oak Ranch Reserve",37.375156,-121.72784,"Santa Clara County","GRAMP","07/07/2020","RACA",42,6.5,"","GS45",7.35,13.5,516,436,0.3,1.688656
"247","tsk_197",NA,NA,NA,0,"Blue Oak Ranch Reserve",37.375156,-121.72784,"Santa Clara County","GRAMP","07/07/2020","PSRE",17,0.5,"","meta",7.35,13.5,516,436,0.3,0
"248","tsk_198",NA,NA,NA,0.0101432,"Blue Oak Ranch Reserve",37.375156,-121.72784,"Santa Clara County","GRAMP","07/07/2020","PSRE",18,0.5,"","meta",7.35,13.5,516,436,0.3,0.811456
"249","tsk_199",NA,NA,NA,8.42179,"Blue Oak Ranch Reserve",37.375156,-121.72784,"Santa Clara County","GRAMP","07/07/2020","RACA",41,6,"","adult",7.35,13.5,516,436,0.3,673.7432
"250","tsk_200",NA,NA,NA,0.0274442,"Blue Oak Ranch Reserve",37.375156,-121.72784,"Santa Clara County","GRAMP","07/07/2020","RACA",37,10.5,"","GS42",7.35,13.5,516,436,0.3,2.195536
"251","tsk_201",NA,NA,NA,0,"Briones Regional Park",37.94566,-122.133961,"Contra Costa County","BNPND002","07/08/2020","TAxx",60,13,"","adult",11.23,28.9,824,600,0.42,0
"252","tsk_202",NA,NA,NA,0,"Briones Regional Park",37.94566,-122.133961,"Contra Costa County","BNPND002","07/08/2020","TAxx",55,10,"","adult",11.23,28.9,824,600,0.42,0
"253","tsk_203",NA,NA,NA,0,"Briones Regional Park",37.94566,-122.133961,"Contra Costa County","BNPND002","07/08/2020","TAxx",60,21,"","adult",11.23,28.9,824,600,0.42,0
"254","tsk_204",NA,NA,NA,0,"Briones Regional Park",37.94566,-122.133961,"Contra Costa County","BNPND002","07/08/2020","TAxx",66,23,"","adult",11.23,28.9,824,600,0.42,0
"255","tsk_205",NA,NA,NA,0,"Briones Regional Park",37.94566,-122.133961,"Contra Costa County","BNPND002","07/08/2020","TAxx",66,21.5,"","adult",11.23,28.9,824,600,0.42,0
"256","tsk_206",NA,NA,NA,0,"Briones Regional Park",37.931326,-122.16635,"Contra Costa County","CA-BN016","07/08/2020","PSRE",20,0.5,"","meta",8.29,28.8,868,679,0.48,0
"257","tsk_207",NA,NA,NA,0,"Briones Regional Park",37.931326,-122.16635,"Contra Costa County","CA-BN016","07/08/2020","PSRE",20,1,"","meta",8.29,28.8,868,679,0.48,0
"258","tsk_208",NA,NA,NA,0,"Garin/Dry Creek Regional Park",37.611846,-122.004401,"Alameda County","GDPND004","07/09/2020","PSRE",19,1,"","meta",8.41,20.5,1395,1160,0.81,0
"259","tsk_209",NA,NA,NA,0,"Garin/Dry Creek Regional Park",37.611846,-122.004401,"Alameda County","GDPND004","07/09/2020","PSRE",17,1,"","meta",8.41,20.5,1395,1160,0.81,0
"260","tsk_210",NA,NA,NA,0,"Garin/Dry Creek Regional Park",37.611846,-122.004401,"Alameda County","GDPND004","07/09/2020","PSRE",19,1,"","meta",8.41,20.5,1395,1160,0.81,0
"261","tsk_211",NA,NA,NA,0,"Garin/Dry Creek Regional Park",37.611846,-122.004401,"Alameda County","GDPND004","07/09/2020","PSRE",19.5,NA,"","meta",8.41,20.5,1395,1160,0.81,0
"262","tsk_212",NA,NA,NA,0,"Garin/Dry Creek Regional Park",37.611846,-122.004401,"Alameda County","GDPND004","07/09/2020","PSRE",17,0.5,"","meta",8.41,20.5,1395,1160,0.81,0
"263","tsk_213",NA,NA,NA,0,"Garin/Dry Creek Regional Park",37.611846,-122.004401,"Alameda County","GDPND004","07/09/2020","PSRE",19,0.5,"","meta",8.41,20.5,1395,1160,0.81,0
"264","tsk_214",NA,NA,NA,0,"Garin/Dry Creek Regional Park",37.611846,-122.004401,"Alameda County","GDPND004","07/09/2020","PSRE",19,1,"","meta",8.41,20.5,1395,1160,0.81,0
"265","tsk_215",NA,NA,NA,0,"Garin/Dry Creek Regional Park",37.611846,-122.004401,"Alameda County","GDPND004","07/09/2020","PSRE",20,1,"","meta",8.41,20.5,1395,1160,0.81,0
"266","tsk_216",NA,NA,NA,0,"Garin/Dry Creek Regional Park",37.611846,-122.004401,"Alameda County","GDPND004","07/09/2020","PSRE",21,1,"","meta",8.41,20.5,1395,1160,0.81,0
"267","tsk_217",NA,NA,NA,0,"Garin/Dry Creek Regional Park",37.611846,-122.004401,"Alameda County","GDPND004","07/09/2020","PSRE",17,2,"","meta",8.41,20.5,1395,1160,0.81,0
"268","tsk_218",NA,NA,NA,0,"Garin/Dry Creek Regional Park",37.611846,-122.004401,"Alameda County","GDPND004","07/09/2020","TAxx",65,19,"","adult",8.41,20.5,1395,1160,0.81,0
"269","tsk_219",NA,NA,NA,0,"Garin/Dry Creek Regional Park",37.611846,-122.004401,"Alameda County","GDPND004","07/09/2020","PSRE",NA,NA,"","meta",8.41,20.5,1395,1160,0.81,0
"270","tsk_220",NA,NA,NA,0,"Garin/Dry Creek Regional Park",37.64296772,-122.0405019,"Alameda County","GDPND005","07/09/2020","PSRE",NA,NA,"","meta",7.9,28.9,876,627,0.44,0
"271","tsk_221",NA,NA,NA,0,"Garin/Dry Creek Regional Park",37.64296772,-122.0405019,"Alameda County","GDPND005","07/09/2020","PSRE",NA,NA,"","meta",7.9,28.9,876,627,0.44,0
"272","tsk_222",NA,NA,NA,0,"Garin/Dry Creek Regional Park",37.64296772,-122.0405019,"Alameda County","GDPND005","07/09/2020","PSRE",NA,NA,"","meta",7.9,28.9,876,627,0.44,0
"273","tsk_223",NA,NA,NA,0,"Garin/Dry Creek Regional Park",37.64296772,-122.0405019,"Alameda County","GDPND005","07/09/2020","PSRE",NA,NA,"","meta",7.9,28.9,876,627,0.44,0
"274","tsk_224",NA,NA,NA,0,"Garin/Dry Creek Regional Park",37.64296772,-122.0405019,"Alameda County","GDPND005","07/09/2020","PSRE",NA,NA,"","meta",7.9,28.9,876,627,0.44,0
"275","tsk_225",NA,NA,NA,0,"Garin/Dry Creek Regional Park",37.64296772,-122.0405019,"Alameda County","GDPND005","07/09/2020","PSRE",NA,NA,"","meta",7.9,28.9,876,627,0.44,0
"276","tsk_226",NA,NA,NA,0,"Garin/Dry Creek Regional Park",37.64296772,-122.0405019,"Alameda County","GDPND005","07/09/2020","PSRE",NA,NA,"","meta",7.9,28.9,876,627,0.44,0
"277","tsk_227",NA,NA,NA,0,"Garin/Dry Creek Regional Park",37.64296772,-122.0405019,"Alameda County","GDPND005","07/09/2020","PSRE",NA,NA,"","meta",7.9,28.9,876,627,0.44,0
"278","tsk_228",NA,NA,NA,0,"Garin/Dry Creek Regional Park",37.64296772,-122.0405019,"Alameda County","GDPND005","07/09/2020","PSRE",NA,NA,"","meta",7.9,28.9,876,627,0.44,0
"279","tsk_229",NA,NA,NA,0,"Garin/Dry Creek Regional Park",37.64296772,-122.0405019,"Alameda County","GDPND005","07/09/2020","PSRE",NA,NA,"","meta",7.9,28.9,876,627,0.44,0
"280","tsk_230",NA,NA,NA,0,"Garin/Dry Creek Regional Park",37.624493,-122.004644,"Alameda County","GDPND006","07/09/2020","PSRE",17,1,"","meta",7.59,28.8,1026,730,0.52,0
"281","tsk_231",NA,NA,NA,NA,"Garin/Dry Creek Regional Park",37.624493,-122.004644,"Alameda County","GDPND006","07/09/2020","PSRE",NA,NA,"","meta",7.59,28.8,1026,730,0.52,NA
"282","tsk_232",NA,NA,NA,0,"Garin/Dry Creek Regional Park",37.624493,-122.004644,"Alameda County","GDPND006","07/09/2020","PSRE",16,1,"","meta",7.59,28.8,1026,730,0.52,0
"283","tsk_233",NA,NA,NA,0,"Garin/Dry Creek Regional Park",37.624493,-122.004644,"Alameda County","GDPND006","07/09/2020","na",NA,NA,"na","na",7.59,28.8,1026,730,0.52,0
"284","tsk_234",NA,NA,NA,0,"Garin/Dry Creek Regional Park",37.624493,-122.004644,"Alameda County","GDPND006","07/09/2020","PSRE",17,1,"","meta",7.59,28.8,1026,730,0.52,0
"285","tsk_235",NA,NA,NA,0,"Garin/Dry Creek Regional Park",37.624493,-122.004644,"Alameda County","GDPND006","07/09/2020","PSRE",15,0.5,"","meta",7.59,28.8,1026,730,0.52,0
"286","tsk_236",NA,NA,NA,0,"Garin/Dry Creek Regional Park",37.63528823,-122.0246109,"Alameda County","GDPND009","07/09/2020","PSRE",14,0.2,"","meta",8.93,26.1,1372,1030,0.75,0
"287","tsk_237",NA,NA,NA,0,"Garin/Dry Creek Regional Park",37.63528823,-122.0246109,"Alameda County","GDPND009","07/09/2020","PSRE",14,0.2,"","meta",8.93,26.1,1372,1030,0.75,0
"288","tsk_238",NA,NA,NA,0,"Garin/Dry Creek Regional Park",37.63528823,-122.0246109,"Alameda County","GDPND009","07/09/2020","PSRE",16,0.2,"","meta",8.93,26.1,1372,1030,0.75,0
"289","tsk_239",NA,NA,NA,0,"Pleasanton Ridge Regional Park",37.64720844,-121.9192917,"Alameda County","PRPND010","07/10/2020","",20,0.5,"","meta",8.17,22.6,401,283,0.21,0
"290","tsk_240",NA,NA,NA,0,"Pleasanton Ridge Regional Park",37.64720844,-121.9192917,"Alameda County","PRPND010","07/10/2020","",19,0.5,"","meta",8.17,22.6,401,283,0.21,0
"291","tsk_241",NA,NA,NA,0,"Pleasanton Ridge Regional Park",37.64720844,-121.9192917,"Alameda County","PRPND010","07/10/2020","",17,0.5,"","meta",8.17,22.6,401,283,0.21,0
"292","tsk_242",NA,NA,NA,4.11893,"Pleasanton Ridge Regional Park",37.64720844,-121.9192917,"Alameda County","PRPND010","07/10/2020","",NA,NA,"","GS36",8.17,22.6,401,283,0.21,329.5144
"293","tsk_243",NA,NA,NA,0,"Pleasanton Ridge Regional Park",37.64720844,-121.9192917,"Alameda County","PRPND010","07/10/2020","",43,11,"","GS44",8.17,22.6,401,283,0.21,0
"294","tsk_244",NA,NA,NA,0.722313,"Pleasanton Ridge Regional Park",37.64720844,-121.9192917,"Alameda County","PRPND010","07/10/2020","",NA,NA,"","GS32",8.17,22.6,401,283,0.21,57.78504
"295","tsk_245",NA,NA,NA,0,"Pleasanton Ridge Regional Park",37.64720844,-121.9192917,"Alameda County","PRPND010","07/10/2020","",51,14,"","adult",8.17,22.6,401,283,0.21,0
"296","tsk_246",NA,NA,NA,2.21885,"Pleasanton Ridge Regional Park",37.64720844,-121.9192917,"Alameda County","PRPND010","07/10/2020","",NA,NA,"","GS37",8.17,22.6,401,283,0.21,177.508
"297","tsk_247",NA,NA,NA,6.66938,"Pleasanton Ridge Regional Park",37.64720844,-121.9192917,"Alameda County","PRPND010","07/10/2020","",NA,NA,"","GS40",8.17,22.6,401,283,0.21,533.5504
"298","tsk_248",NA,NA,NA,12.9344,"Pleasanton Ridge Regional Park",37.64720844,-121.9192917,"Alameda County","PRPND010","07/10/2020","",NA,NA,"","GS33",8.17,22.6,401,283,0.21,1034.752
"299","tsk_249",NA,NA,NA,1.822,"Pleasanton Ridge Regional Park",37.64720844,-121.9192917,"Alameda County","PRPND010","07/10/2020","",NA,NA,"","GS34",8.17,22.6,401,283,0.21,145.76
"300","tsk_250",NA,NA,NA,0.11292,"Pleasanton Ridge Regional Park",37.64720844,-121.9192917,"Alameda County","PRPND010","07/10/2020","",NA,NA,"","GS34",8.17,22.6,401,283,0.21,9.0336
"301","tsk_251",NA,NA,NA,0.155939,"Pleasanton Ridge Regional Park",37.64527893,-121.918319,"Alameda County","PRPND009","07/10/2020","PSRE",17,1,"","meta",7.28,26.7,651,471,0.34,12.47512
"302","tsk_252",NA,NA,NA,0,"Pleasanton Ridge Regional Park",37.64527893,-121.918319,"Alameda County","PRPND009","07/10/2020","PSRE",19,1,"","meta",7.28,26.7,651,471,0.34,0
"303","tsk_253",NA,NA,NA,0,"Pleasanton Ridge Regional Park",37.64527893,-121.918319,"Alameda County","PRPND009","07/10/2020","RACA",46,10,"","adult",7.28,26.7,651,471,0.34,0
"304","tsk_254",NA,NA,NA,12.5969,"Pleasanton Ridge Regional Park",37.64527893,-121.918319,"Alameda County","PRPND009","07/10/2020","RACA",NA,NA,"","GS40",7.28,26.7,651,471,0.34,1007.752
"305","tsk_255",NA,NA,NA,1.56545,"Pleasanton Ridge Regional Park",37.64527893,-121.918319,"Alameda County","PRPND009","07/10/2020","RACA",NA,NA,"","GS34",7.28,26.7,651,471,0.34,125.236
"306","tsk_256",NA,NA,NA,0,"Pleasanton Ridge Regional Park",37.64527893,-121.918319,"Alameda County","PRPND009","07/10/2020","RACA",45,9.5,"","adult",7.28,26.7,651,471,0.34,0
"307","tsk_257",NA,NA,NA,0,"Pleasanton Ridge Regional Park",37.64527893,-121.918319,"Alameda County","PRPND009","07/10/2020","RACA",55,22.5,"","adult",7.28,26.7,651,471,0.34,0
"308","tsk_258",NA,NA,NA,0,"Pleasanton Ridge Regional Park",37.64527893,-121.918319,"Alameda County","PRPND009","07/10/2020","PSRE",18,1,"","meta",7.28,26.7,651,471,0.34,0
"309","tsk_259",NA,NA,NA,2.57836,"Pleasanton Ridge Regional Park",37.64527893,-121.918319,"Alameda County","PRPND009","07/10/2020","RACA",NA,NA,"","GS32",7.28,26.7,651,471,0.34,206.2688
"310","tsk_260",NA,NA,NA,0,"Pleasanton Ridge Regional Park",37.64527893,-121.918319,"Alameda County","PRPND009","07/10/2020","RACA",36,7,"","adult",7.28,26.7,651,471,0.34,0
"311","tsk_261",NA,NA,NA,0,"Pleasanton Ridge Regional Park",37.64527893,-121.918319,"Alameda County","PRPND009","07/10/2020","RACA",41,6,"","adult",7.28,26.7,651,471,0.34,0
"312","tsk_262",NA,NA,NA,0.0373805,"Pleasanton Ridge Regional Park",37.64527893,-121.918319,"Alameda County","PRPND009","07/10/2020","RACA",41,8,"","adult",7.28,26.7,651,471,0.34,2.99044
"313","tsk_263",NA,NA,NA,0,"Pleasanton Ridge Regional Park",37.64527893,-121.918319,"Alameda County","PRPND009","07/10/2020","RACA",52,NA,"","adult",7.28,26.7,651,471,0.34,0
"314","tsk_264",NA,NA,NA,0,"Pleasanton Ridge Regional Park",37.64527893,-121.918319,"Alameda County","PRPND009","07/10/2020","RACA",49,12,"","adult",7.28,26.7,651,471,0.34,0
"315","tsk_265",NA,NA,NA,0.231151,"Pleasanton Ridge Regional Park",37.64527893,-121.918319,"Alameda County","PRPND009","07/10/2020","RACA",NA,NA,"","GS34",7.28,26.7,651,471,0.34,18.49208
"316","tsk_266",NA,NA,NA,0.127781,"Pleasanton Ridge Regional Park",37.64527893,-121.918319,"Alameda County","PRPND009","07/10/2020","RACA",NA,NA,"","",7.28,26.7,651,471,0.34,10.22248
"317","tsk_267",NA,NA,NA,0,"Pleasanton Ridge Regional Park",37.64527893,-121.918319,"Alameda County","PRPND009","07/10/2020","RACA",NA,NA,"","",7.28,26.7,651,471,0.34,0
"318","tsk_268",NA,NA,NA,0,"Pleasanton Ridge Regional Park",37.64527893,-121.918319,"Alameda County","PRPND009","07/10/2020","RACA",NA,NA,"","",7.28,26.7,651,471,0.34,0
"319","tsk_269",NA,NA,NA,0,"Pleasanton Ridge Regional Park",37.64527893,-121.918319,"Alameda County","PRPND009","07/10/2020","RACA",NA,NA,"","",7.28,26.7,651,471,0.34,0
"320","tsk_270",NA,NA,NA,0,"Pleasanton Ridge Regional Park",37.64527893,-121.918319,"Alameda County","PRPND009","07/10/2020","RACA",NA,NA,"","",7.28,26.7,651,471,0.34,0
"321","tsk_271",NA,NA,NA,0,"Pleasanton Ridge Regional Park",37.61930012,-121.8978634,"Alameda County","PRPND004","07/10/2020","BUBO",15,0.5,"","meta",8.42,26.5,1368,893,0.66,0
"322","tsk_272",NA,NA,NA,0,"Pleasanton Ridge Regional Park",37.61930012,-121.8978634,"Alameda County","PRPND004","07/10/2020","BUBO",15,0.5,"","meta",8.42,26.5,1368,893,0.66,0
"323","tsk_273",NA,NA,NA,0,"Pleasanton Ridge Regional Park",37.61930012,-121.8978634,"Alameda County","PRPND004","07/10/2020","BUBO",15,0.2,"","meta",8.42,26.5,1368,893,0.66,0
"324","tsk_274",NA,NA,NA,0.0268275,"Pleasanton Ridge Regional Park",37.61930012,-121.8978634,"Alameda County","PRPND004","07/10/2020","BUBO",17,0.5,"","meta",8.42,26.5,1368,893,0.66,2.1462
"325","tsk_275",NA,NA,NA,0,"Pleasanton Ridge Regional Park",37.61930012,-121.8978634,"Alameda County","PRPND004","07/10/2020","BUBO",18,0.3,"","meta",8.42,26.5,1368,893,0.66,0
"326","tsk_276",NA,NA,NA,0,"Pleasanton Ridge Regional Park",37.61930012,-121.8978634,"Alameda County","PRPND004","07/10/2020","BUBO",17,0.5,"","meta",8.42,26.5,1368,893,0.66,0
"327","tsk_277",NA,NA,NA,0,"Pleasanton Ridge Regional Park",37.61930012,-121.8978634,"Alameda County","PRPND004","07/10/2020","BUBO",17,0.5,"","meta",8.42,26.5,1368,893,0.66,0
"328","tsk_278",NA,NA,NA,0,"Pleasanton Ridge Regional Park",37.61930012,-121.8978634,"Alameda County","PRPND004","07/10/2020","BUBO",16,0.7,"","meta",8.42,26.5,1368,893,0.66,0
"329","tsk_279",NA,NA,NA,0,"Pleasanton Ridge Regional Park",37.61930012,-121.8978634,"Alameda County","PRPND004","07/10/2020","BUBO",17,0.5,"","meta",8.42,26.5,1368,893,0.66,0
"330","tsk_280",NA,NA,NA,0.144807,"Pleasanton Ridge Regional Park",37.61930012,-121.8978634,"Alameda County","PRPND004","07/10/2020","BUBO",18,0.5,"","meta",8.42,26.5,1368,893,0.66,11.58456
"331","tsk_281",NA,NA,NA,0,"Pleasanton Ridge Regional Park",37.61664882,-121.8964405,"Alameda County","PRPND003","07/10/2020","BUBO",20,0.5,"","meta",9.62,30.8,375,281,0.2,0
"332","tsk_282",NA,NA,NA,0,"Pleasanton Ridge Regional Park",37.61664882,-121.8964405,"Alameda County","PRPND003","07/10/2020","BUBO",23,0.7,"","meta",9.62,30.8,375,281,0.2,0
"333","tsk_283",NA,NA,NA,0,"Pleasanton Ridge Regional Park",37.61664882,-121.8964405,"Alameda County","PRPND003","07/10/2020","BUBO",19,1,"","meta",9.62,30.8,375,281,0.2,0
"334","tsk_284",NA,NA,NA,0,"Pleasanton Ridge Regional Park",37.61664882,-121.8964405,"Alameda County","PRPND003","07/10/2020","BUBO",19,1,"","meta",9.62,30.8,375,281,0.2,0
"335","tsk_285",NA,NA,NA,0.0112185,"Pleasanton Ridge Regional Park",37.61664882,-121.8964405,"Alameda County","PRPND003","07/10/2020","BUBO",20,1,"","meta",9.62,30.8,375,281,0.2,0.89748
"336","tsk_286",NA,NA,NA,0,"Pleasanton Ridge Regional Park",37.61664882,-121.8964405,"Alameda County","PRPND003","07/10/2020","BUBO",23,1,"","meta",9.62,30.8,375,281,0.2,0
"337","tsk_287",NA,NA,NA,0,"Pleasanton Ridge Regional Park",37.61664882,-121.8964405,"Alameda County","PRPND003","07/10/2020","BUBO",23,1.5,"","meta",9.62,30.8,375,281,0.2,0
"338","tsk_288",NA,NA,NA,0.00868576,"Pleasanton Ridge Regional Park",37.61664882,-121.8964405,"Alameda County","PRPND003","07/10/2020","BUBO",27,1.5,"","meta",9.62,30.8,375,281,0.2,0.6948608
"339","tsk_289",NA,NA,NA,0,"Pleasanton Ridge Regional Park",37.61664882,-121.8964405,"Alameda County","PRPND003","07/10/2020","PSRE",15,0.2,"","meta",9.62,30.8,375,281,0.2,0
"340","tsk_290",NA,NA,NA,0,"Pleasanton Ridge Regional Park",37.61664882,-121.8964405,"Alameda County","PRPND003","07/10/2020","PSRE",17,0.5,"","meta",9.62,30.8,375,281,0.2,0
"341","tsk_291",NA,NA,NA,0,"Pleasanton Ridge Regional Park",37.61664882,-121.8964405,"Alameda County","PRPND003","07/10/2020","PSRE",19,0.5,"","meta",9.62,30.8,375,281,0.2,0
"342","tsk_292",NA,NA,NA,0,"Pleasanton Ridge Regional Park",37.61664882,-121.8964405,"Alameda County","PRPND003","07/10/2020","PSRE",17,0.5,"","meta",9.62,30.8,375,281,0.2,0
"343","tsk_293",NA,NA,NA,0,"Pleasanton Ridge Regional Park",37.61664882,-121.8964405,"Alameda County","PRPND003","07/10/2020","PSRE",21,1,"","meta",9.62,30.8,375,281,0.2,0
"344","tsk_294",NA,NA,NA,0,"Pleasanton Ridge Regional Park",37.61664882,-121.8964405,"Alameda County","PRPND003","07/10/2020","PSRE",19,0.25,"","meta",9.62,30.8,375,281,0.2,0
"345","tsk_295",NA,NA,NA,0,"Pleasanton Ridge Regional Park",37.61664882,-121.8964405,"Alameda County","PRPND003","07/10/2020","PSRE",19,0.5,"","meta",9.62,30.8,375,281,0.2,0
"346","tsk_296",NA,NA,NA,0,"Pleasanton Ridge Regional Park",37.61664882,-121.8964405,"Alameda County","PRPND003","07/10/2020","PSRE",19,0.5,"","meta",9.62,30.8,375,281,0.2,0
"347","tsk_297",NA,NA,NA,0,"Pleasanton Ridge Regional Park",37.61664882,-121.8964405,"Alameda County","PRPND003","07/10/2020","PSRE",18,0.5,"","meta",9.62,30.8,375,281,0.2,0
"348","tsk_298",NA,NA,NA,0,"Pleasanton Ridge Regional Park",37.61664882,-121.8964405,"Alameda County","PRPND003","07/10/2020","PSRE",19,1,"","meta",9.62,30.8,375,281,0.2,0
"349","tsk_299",NA,NA,NA,0,"Pleasanton Ridge Regional Park",37.607681,-121.890551,"Alameda County","PRPND002","07/10/2020","PSRE",22,0.5,"","adult",NA,NA,NA,NA,NA,0
"350","tsk_300",NA,NA,NA,0,"Pleasanton Ridge Regional Park",37.607681,-121.890551,"Alameda County","PRPND002","07/10/2020","PSRE",19,0.5,"","adult",NA,NA,NA,NA,NA,0
"351","tsk_301",NA,NA,NA,0,"Pleasanton Ridge Regional Park",37.607681,-121.890551,"Alameda County","PRPND002","07/10/2020","PSRE",20,1,"","adult",NA,NA,NA,NA,NA,0
"352","tsk_302",NA,NA,NA,0.0337573,"Pleasanton Ridge Regional Park",37.607681,-121.890551,"Alameda County","PRPND002","07/10/2020","PSRE",19,0.5,"","adult",NA,NA,NA,NA,NA,2.700584
"353","tsk_303",NA,NA,NA,0,"Pleasanton Ridge Regional Park",37.607681,-121.890551,"Alameda County","PRPND002","07/10/2020","PSRE",32,1,"","adult",NA,NA,NA,NA,NA,0
"354","tsk_304",NA,NA,NA,0,"Pleasanton Ridge Regional Park",37.607681,-121.890551,"Alameda County","PRPND002","07/10/2020","PSRE",21,0.5,"","adult",NA,NA,NA,NA,NA,0
"355","tsk_305",NA,NA,NA,0,"Pleasanton Ridge Regional Park",37.607681,-121.890551,"Alameda County","PRPND002","07/10/2020","PSRE",22,1,"","adult",NA,NA,NA,NA,NA,0
"356","tsk_306",NA,NA,NA,0,"Pleasanton Ridge Regional Park",37.607681,-121.890551,"Alameda County","PRPND002","07/10/2020","PSRE",24.5,0.25,"","adult",NA,NA,NA,NA,NA,0
"357","tsk_307",NA,NA,NA,0,"Pleasanton Ridge Regional Park",37.607681,-121.890551,"Alameda County","PRPND002","07/10/2020","PSRE",22.5,0.5,"","adult",NA,NA,NA,NA,NA,0
"358","tsk_308",NA,NA,NA,0,"Pleasanton Ridge Regional Park",37.607681,-121.890551,"Alameda County","PRPND002","07/10/2020","PSRE",26,1,"","adult",NA,NA,NA,NA,NA,0
"359","tsk_320",NA,NA,NA,0.220697,"Blue Oak Ranch Reserve",37.64296772,-122.0405019,"Alameda County","CABIN","08/07/2020","PSRE",23,0.5,"","meta",7.47,20.8,424,299,0.21,17.65576
"360","tsk_321",NA,NA,NA,1.49724,"Blue Oak Ranch Reserve",37.64296772,-122.0405019,"Alameda County","CABIN","08/07/2020","PSRE",23,0.75,"","meta",7.47,20.8,424,299,0.21,119.7792
"361","tsk_322",NA,NA,NA,1.15321,"Blue Oak Ranch Reserve",37.64296772,-122.0405019,"Alameda County","CABIN","08/07/2020","PSRE",23,0.5,"","meta",7.47,20.8,424,299,0.21,92.2568
"362","tsk_323",NA,NA,NA,0.230913,"Blue Oak Ranch Reserve",37.64296772,-122.0405019,"Alameda County","CABIN","08/07/2020","PSRE",25,0.75,"","meta",7.47,20.8,424,299,0.21,18.47304
"363","tsk_324",NA,NA,NA,0.000992,"Blue Oak Ranch Reserve",37.64296772,-122.0405019,"Alameda County","CABIN","08/07/2020","PSRE",22,0.5,"","meta",7.47,20.8,424,299,0.21,0.07936
"364","tsk_325",NA,NA,NA,0.246912,"Blue Oak Ranch Reserve",37.64296772,-122.0405019,"Alameda County","CABIN","08/07/2020","PSRE",19,1.25,"","meta",7.47,20.8,424,299,0.21,19.75296
"365","tsk_326",NA,NA,NA,0.947816,"Blue Oak Ranch Reserve",37.64296772,-122.0405019,"Alameda County","CABIN","08/07/2020","PSRE",19,0.25,"","meta",7.47,20.8,424,299,0.21,75.82528
"366","tsk_327",NA,NA,NA,0.168596,"Blue Oak Ranch Reserve",37.64296772,-122.0405019,"Alameda County","CABIN","08/07/2020","PSRE",26,1.25,"","meta",7.47,20.8,424,299,0.21,13.48768
"367","tsk_328",NA,NA,NA,0.23492,"Blue Oak Ranch Reserve",37.64296772,-122.0405019,"Alameda County","CABIN","08/07/2020","PSRE",22,0.5,"","meta",7.47,20.8,424,299,0.21,18.7936
"368","tsk_329",NA,NA,NA,3.20597,"Blue Oak Ranch Reserve",37.64296772,-122.0405019,"Alameda County","CABIN","08/07/2020","PSRE",22,1.75,"","meta",7.47,20.8,424,299,0.21,256.4776
"369","tsk_330",NA,NA,NA,0.020842,"Blue Oak Ranch Reserve",37.64296772,-122.0405019,"Alameda County","CABIN","08/07/2020","RACA",54.5,19,"","meta",7.47,20.8,424,299,0.21,1.66736
"370","tsk_331",NA,NA,NA,0.152191,"Blue Oak Ranch Reserve",37.64296772,-122.0405019,"Alameda County","CABIN","08/07/2020","RACA",54.5,20,"","meta",7.47,20.8,424,299,0.21,12.17528
"371","tsk_332",NA,NA,NA,1.38284,"Blue Oak Ranch Reserve",37.64296772,-122.0405019,"Alameda County","CABIN","08/07/2020","RACA",45,18,"","GS44",7.47,20.8,424,299,0.21,110.6272
"372","tsk_333",NA,NA,NA,0.098661,"Blue Oak Ranch Reserve",37.64296772,-122.0405019,"Alameda County","CABIN","08/07/2020","RACA",56,17,"","adult",7.47,20.8,424,299,0.21,7.89288
"373","tsk_334",NA,NA,NA,0.537475,"Blue Oak Ranch Reserve",37.64296772,-122.0405019,"Alameda County","CABIN","08/07/2020","RACA",58,20,"","adult",7.47,20.8,424,299,0.21,42.998
"374","tsk_335",NA,NA,NA,0.940797,"Blue Oak Ranch Reserve",37.64296772,-122.0405019,"Alameda County","CABIN","08/07/2020","RACA",56,20,"","adult",7.47,20.8,424,299,0.21,75.26376
"375","tsk_336",NA,NA,NA,0,"Blue Oak Ranch Reserve",37.64296772,-122.0405019,"Alameda County","GRAMP","08/08/2020","RACA",38,7,"","GS46",7.94,22,560,398,0.28,0
"376","tsk_337",NA,NA,NA,0,"Blue Oak Ranch Reserve",37.64296772,-122.0405019,"Alameda County","GRAMP","08/08/2020","RACA",42,7,"","adult",7.94,22,560,398,0.28,0
"377","tsk_338",NA,NA,NA,0,"Blue Oak Ranch Reserve",37.64296772,-122.0405019,"Alameda County","GRAMP","08/08/2020","RACA",36,4.15,"","adult",7.94,22,560,398,0.28,0
"378","tsk_339",NA,NA,NA,0,"Blue Oak Ranch Reserve",37.64296772,-122.0405019,"Alameda County","GRAMP","08/08/2020","RACA",39.5,6.5,"","adult",7.94,22,560,398,0.28,0
"379","tsk_340",NA,NA,NA,11.5496,"Blue Oak Ranch Reserve",37.64296772,-122.0405019,"Alameda County","GRAMP","08/08/2020","RACA",NA,NA,"","GS28",7.94,22,560,398,0.28,923.968
"380","tsk_341",NA,NA,NA,0,"Blue Oak Ranch Reserve",37.64296772,-122.0405019,"Alameda County","GRAMP","08/08/2020","RACA",41,6.5,"","adult",7.94,22,560,398,0.28,0
"381","tsk_342",NA,NA,NA,0,"Blue Oak Ranch Reserve",37.64296772,-122.0405019,"Alameda County","GRAMP","08/08/2020","RACA",36,4.25,"","adult",7.94,22,560,398,0.28,0
"382","tsk_343",NA,NA,NA,28.7601,"Blue Oak Ranch Reserve",37.64296772,-122.0405019,"Alameda County","GRAMP","08/08/2020","RACA",NA,NA,"","GS37",7.94,22,560,398,0.28,2300.808
"383","tsk_344",NA,NA,NA,0,"Blue Oak Ranch Reserve",37.64296772,-122.0405019,"Alameda County","GRAMP","08/08/2020","RACA",38,6,"","adult",7.94,22,560,398,0.28,0
"384","tsk_345",NA,NA,NA,0,"Blue Oak Ranch Reserve",37.64296772,-122.0405019,"Alameda County","GRAMP","08/08/2020","RACA",37,6.5,"","adult",7.94,22,560,398,0.28,0
"385","tsk_346",NA,NA,NA,16.4154,"Blue Oak Ranch Reserve",37.64296772,-122.0405019,"Alameda County","GRAMP","08/08/2020","RACA",NA,NA,"","GS28",7.94,22,560,398,0.28,1313.232
"386","tsk_347",NA,NA,NA,18.7612,"Blue Oak Ranch Reserve",37.64296772,-122.0405019,"Alameda County","GRAMP","08/08/2020","RACA",NA,NA,"","GS27",7.94,22,560,398,0.28,1500.896
"387","tsk_348",NA,NA,NA,0,"Blue Oak Ranch Reserve",37.64296772,-122.0405019,"Alameda County","GRAMP","08/08/2020","RACA",40,6.25,"","adult",7.94,22,560,398,0.28,0
"388","tsk_349",NA,NA,NA,13.1575,"Blue Oak Ranch Reserve",37.64296772,-122.0405019,"Alameda County","GRAMP","08/08/2020","RACA",NA,NA,"","GS36",7.94,22,560,398,0.28,1052.6
"389","tsk_350",NA,NA,NA,102.35,"Blue Oak Ranch Reserve",37.64296772,-122.0405019,"Alameda County","GRAMP","08/08/2020","RACA",NA,NA,"","GS28",7.94,22,560,398,0.28,8188
"390","tsk_351",NA,NA,NA,0,"Blue Oak Ranch Reserve",37.64296772,-122.0405019,"Alameda County","GRAMP","08/08/2020","RACA",38,3.5,"","adult",7.94,22,560,398,0.28,0
"391","tsk_352",NA,NA,NA,16.0723,"Blue Oak Ranch Reserve",37.64296772,-122.0405019,"Alameda County","GRAMP","08/08/2020","RACA",NA,NA,"","GS28",7.94,22,560,398,0.28,1285.784
"392","tsk_353",NA,NA,NA,7.12408,"Blue Oak Ranch Reserve",37.64296772,-122.0405019,"Alameda County","GRAMP","08/08/2020","RACA",NA,NA,"","GS28",7.94,22,560,398,0.28,569.9264
"393","tsk_354",NA,NA,NA,0,"Blue Oak Ranch Reserve",37.64296772,-122.0405019,"Alameda County","GRAMP","08/08/2020","RACA",36,6,"","adult",7.94,22,560,398,0.28,0
"394","tsk_355",NA,NA,NA,0,"Blue Oak Ranch Reserve",37.64296772,-122.0405019,"Alameda County","GRAMP","08/08/2020","PSRE",21,0.5,"","adult",7.94,22,560,398,0.28,0
"395","tsk_356",NA,NA,NA,0.0599066,"Blue Oak Ranch Reserve",37.64296772,-122.0405019,"Alameda County","GRAMP","08/08/2020","PSRE",20,0.5,"","adult",7.94,22,560,398,0.28,4.792528
"396","tsk_357",NA,NA,NA,0,"Blue Oak Ranch Reserve",37.64296772,-122.0405019,"Alameda County","GRAMP","08/08/2020","PSRE",21,0.5,"","adult",7.94,22,560,398,0.28,0
"397","tsk_358",NA,NA,NA,0,"Briones Regional Park",37.64296772,-122.0405019,"Alameda County","BNPND003","08/09/2020","TAXX",66,20.5,"","adult",9.78,26.5,2830,2010,1.42,0
"398","tsk_359",NA,NA,NA,0,"Briones Regional Park",37.64296772,-122.0405019,"Alameda County","BNPND003","08/09/2020","TAXX",62,26.5,"","adult",9.78,26.5,2830,2010,1.42,0
"399","tsk_360",NA,NA,NA,0,"Briones Regional Park",37.64296772,-122.0405019,"Alameda County","BNPND003","08/09/2020","TAXX",60,22,"","adult",9.78,26.5,2830,2010,1.42,0
"400","tsk_361",NA,NA,NA,0,"Briones Regional Park",37.64296772,-122.0405019,"Alameda County","BNPND003","08/09/2020","TAXX",64,20.5,"","adult",9.78,26.5,2830,2010,1.42,0
"401","tsk_362",NA,NA,NA,0.0137817,"Briones Regional Park",37.64296772,-122.0405019,"Alameda County","BNPND003","08/09/2020","TAXX",67,15,"","adult",9.78,26.5,2830,2010,1.42,1.102536
"402","tsk_363",NA,NA,NA,0,"Briones Regional Park",37.64296772,-122.0405019,"Alameda County","BNPND003","08/09/2020","TAXX",70,18,"","adult",9.78,26.5,2830,2010,1.42,0
"403","tsk_364",NA,NA,NA,0.00910241,"Briones Regional Park",37.64296772,-122.0405019,"Alameda County","BNPND003","08/09/2020","TAXX",59,12,"","adult",9.78,26.5,2830,2010,1.42,0.7281928
"404","tsk_365",NA,NA,NA,0,"Briones Regional Park",37.64296772,-122.0405019,"Alameda County","BNPND003","08/09/2020","TAXX",56,12.5,"","adult",9.78,26.5,2830,2010,1.42,0
"405","tsk_366",NA,NA,NA,0,"Briones Regional Park",37.64296772,-122.0405019,"Alameda County","BNPND003","08/09/2020","TAXX",54,10.5,"","adult",9.78,26.5,2830,2010,1.42,0
"406","tsk_367",NA,NA,NA,0.0169507,"Briones Regional Park",37.64296772,-122.0405019,"Alameda County","BNPND003","08/09/2020","TAXX",58,14.5,"","adult",9.78,26.5,2830,2010,1.42,1.356056
"407","tsk_376",NA,NA,NA,0,"Blue Oak Ranch Reserve",37.64296772,-122.0405019,"Alameda County","BARN","08/09/2020","PSRE",24,1,"","meta",NA,NA,NA,NA,NA,0
"408","tsk_377",NA,NA,NA,0,"Blue Oak Ranch Reserve",37.64296772,-122.0405019,"Alameda County","BARN","08/09/2020","PSRE",16,0.25,"","meta",NA,NA,NA,NA,NA,0
"409","tsk_378",NA,NA,NA,0,"Blue Oak Ranch Reserve",37.64296772,-122.0405019,"Alameda County","BARN","08/09/2020","PSRE",18.5,0.25,"","meta",NA,NA,NA,NA,NA,0
"410","tsk_379",NA,NA,NA,0,"Blue Oak Ranch Reserve",37.64296772,-122.0405019,"Alameda County","BARN","08/09/2020","PSRE",19,0.5,"","meta",NA,NA,NA,NA,NA,0
"411","tsk_380",NA,NA,NA,0,"Blue Oak Ranch Reserve",37.64296772,-122.0405019,"Alameda County","BARN","08/09/2020","PSRE",20,0.75,"","meta",NA,NA,NA,NA,NA,0
"412","tsk_381",NA,NA,NA,0,"Blue Oak Ranch Reserve",37.64296772,-122.0405019,"Alameda County","BARN","08/09/2020","PSRE",20,0.5,"","meta",NA,NA,NA,NA,NA,0
"413","tsk_382",NA,NA,NA,0,"Blue Oak Ranch Reserve",37.64296772,-122.0405019,"Alameda County","BARN","08/09/2020","PSRE",20,0.5,"","meta",NA,NA,NA,NA,NA,0
"414","tsk_383",NA,NA,NA,0,"Blue Oak Ranch Reserve",37.64296772,-122.0405019,"Alameda County","BARN","08/09/2020","PSRE",20,0.25,"","meta",NA,NA,NA,NA,NA,0
"415","tsk_384",NA,NA,NA,0,"Blue Oak Ranch Reserve",37.64296772,-122.0405019,"Alameda County","BARN","08/09/2020","PSRE",18,0.25,"","meta",NA,NA,NA,NA,NA,0
"416","tsk_385",NA,NA,NA,0.517226,"Blue Oak Ranch Reserve",37.64296772,-122.0405019,"Alameda County","BARN","08/09/2020","PSRE",20,0.25,"","meta",NA,NA,NA,NA,NA,41.37808
"417","tsk_368",NA,NA,NA,0.0356527,"Garin/Dry Creek Pioneer Regional Park",37.64296772,-122.0405019,"Alameda County","GDPND004","08/10/2020","PSRE",21,1,"","meta",7.96,20,2190,1570,1.13,2.852216
"418","tsk_369",NA,NA,NA,0,"Garin/Dry Creek Pioneer Regional Park",37.64296772,-122.0405019,"Alameda County","GDPND004","08/10/2020","PSRE",24.5,1.25,"","meta",7.96,20,2190,1570,1.13,0
"419","tsk_370",NA,NA,NA,0,"Garin/Dry Creek Pioneer Regional Park",37.64296772,-122.0405019,"Alameda County","GDPND004","08/10/2020","PSRE",17,1.25,"","meta",7.96,20,2190,1570,1.13,0
"420","tsk_371",NA,NA,NA,0,"Garin/Dry Creek Pioneer Regional Park",37.64296772,-122.0405019,"Alameda County","GDPND004","08/10/2020","PSRE",19.5,1.5,"","meta",7.96,20,2190,1570,1.13,0
"421","tsk_372",NA,NA,NA,0,"Garin/Dry Creek Pioneer Regional Park",37.64296772,-122.0405019,"Alameda County","GDPND004","08/10/2020","PSRE",23.5,1,"","meta",7.96,20,2190,1570,1.13,0
"422","tsk_373",NA,NA,NA,0,"Garin/Dry Creek Pioneer Regional Park",37.64296772,-122.0405019,"Alameda County","GDPND004","08/10/2020","PSRE",20.5,0.75,"","meta",7.96,20,2190,1570,1.13,0
"423","tsk_374",NA,NA,NA,0.0156402,"Garin/Dry Creek Pioneer Regional Park",37.64296772,-122.0405019,"Alameda County","GDPND004","08/10/2020","PSRE",19,0.5,"","meta",7.96,20,2190,1570,1.13,1.251216
"424","tsk_375",NA,NA,NA,0,"Garin/Dry Creek Pioneer Regional Park",37.64296772,-122.0405019,"Alameda County","GDPND004","08/10/2020","PSRE",20,0.75,"","meta",7.96,20,2190,1570,1.13,0
"425","tsk_386",NA,NA,NA,0,"Garin/Dry Creek Pioneer Regional Park",37.64296772,-122.0405019,"Alameda County","GDPND004","08/10/2020","PSRE",22.5,1,"","meta",7.96,20,2190,1570,1.13,0
"426","tsk_387",NA,NA,NA,0,"Garin/Dry Creek Pioneer Regional Park",37.64296772,-122.0405019,"Alameda County","GDPND004","08/10/2020","PSRE",24,0.75,"","meta",7.96,20,2190,1570,1.13,0
"427","tsk_388",NA,NA,NA,0,"Garin/Dry Creek Pioneer Regional Park",37.64296772,-122.0405019,"Alameda County","GDPND005","08/10/2020","PSRE",22.5,0.75,"","meta",7.46,24,1566,1100,0.79,0
"428","tsk_389",NA,NA,NA,0,"Garin/Dry Creek Pioneer Regional Park",37.64296772,-122.0405019,"Alameda County","GDPND005","08/10/2020","PSRE",21.5,1,"","meta",7.46,24,1566,1100,0.79,0
"429","tsk_390",NA,NA,NA,0,"Garin/Dry Creek Pioneer Regional Park",37.64296772,-122.0405019,"Alameda County","GDPND005","08/10/2020","PSRE",22.5,0.75,"","meta",7.46,24,1566,1100,0.79,0
"430","tsk_391",NA,NA,NA,0,"Garin/Dry Creek Pioneer Regional Park",37.64296772,-122.0405019,"Alameda County","GDPND005","08/10/2020","PSRE",20.5,0.5,"","meta",7.46,24,1566,1100,0.79,0
"431","tsk_392",NA,NA,NA,0,"Garin/Dry Creek Pioneer Regional Park",37.64296772,-122.0405019,"Alameda County","GDPND005","08/10/2020","PSRE",18,0.5,"","meta",7.46,24,1566,1100,0.79,0
"432","tsk_393",NA,NA,NA,0,"Garin/Dry Creek Pioneer Regional Park",37.64296772,-122.0405019,"Alameda County","GDPND005","08/10/2020","PSRE",18.5,0.5,"","meta",7.46,24,1566,1100,0.79,0
"433","tsk_394",NA,NA,NA,0,"Garin/Dry Creek Pioneer Regional Park",37.64296772,-122.0405019,"Alameda County","GDPND005","08/10/2020","PSRE",22,1,"","meta",7.46,24,1566,1100,0.79,0
"434","tsk_395",NA,NA,NA,0.0671551,"Garin/Dry Creek Pioneer Regional Park",37.64296772,-122.0405019,"Alameda County","GDPND005","08/10/2020","PSRE",23,1,"","meta",7.46,24,1566,1100,0.79,5.372408
"435","tsk_396",NA,NA,NA,NA,"Garin/Dry Creek Pioneer Regional Park",37.64296772,-122.0405019,"Alameda County","GDPND005","08/10/2020","PSRE",22,1,"","meta",7.46,24,1566,1100,0.79,NA
"436","tsk_397",NA,NA,NA,NA,"Garin/Dry Creek Pioneer Regional Park",37.64296772,-122.0405019,"Alameda County","GDPND005","08/10/2020","PSRE",18,0.5,"","meta",7.46,24,1566,1100,0.79,NA
"437","tsk_398",NA,NA,NA,NA,"Garin/Dry Creek Pioneer Regional Park",37.624493,-122.004644,"Alameda County","GDPND006","08/10/2020","PSRE",18,0.25,"","meta",7.05,29.1,1938,1390,0.95,NA
"438","tsk_399",NA,NA,NA,NA,"Garin/Dry Creek Pioneer Regional Park",37.624493,-122.004644,"Alameda County","GDPND006","08/10/2020","PSRE",21,0.75,"","meta",7.05,29.1,1938,1390,0.95,NA
"439","tsk_400",NA,NA,NA,NA,"Garin/Dry Creek Pioneer Regional Park",37.624493,-122.004644,"Alameda County","GDPND006","08/10/2020","PSRE",19,0.5,"","meta",7.05,29.1,1938,1390,0.95,NA
"440","tsk_401",NA,NA,NA,NA,"Garin/Dry Creek Pioneer Regional Park",37.624493,-122.004644,"Alameda County","GDPND006","08/10/2020","PSRE",20,0.75,"","meta",7.05,29.1,1938,1390,0.95,NA
"441","tsk_402",NA,NA,NA,NA,"Garin/Dry Creek Pioneer Regional Park",37.63528823,-122.0246109,"Alameda County","GDPND009","08/10/2020","PSRE",13,0.25,"","meta",8.2,26,1090,781,0.55,NA
"442","tsk_403",NA,NA,NA,NA,"Pleasanton Ridge Regional Park",37.64720844,-121.9192917,"Alameda County","PRPND010","08/11/2020","RACA",41,9,"","adult",9.74,22.5,653,455,0.32,NA
"443","tsk_404",NA,NA,NA,NA,"Pleasanton Ridge Regional Park",37.64720844,-121.9192917,"Alameda County","PRPND010","08/11/2020","RACA",39.5,8,"","adult",9.74,22.5,653,455,0.32,NA
"444","tsk_405",NA,NA,NA,NA,"Pleasanton Ridge Regional Park",37.64720844,-121.9192917,"Alameda County","PRPND010","08/11/2020","RACA",43,9.5,"","adult",9.74,22.5,653,455,0.32,NA
"445","tsk_406",NA,NA,NA,NA,"Pleasanton Ridge Regional Park",37.64720844,-121.9192917,"Alameda County","PRPND010","08/11/2020","RACA",49,13,"","adult",9.74,22.5,653,455,0.32,NA
"446","tsk_407",NA,NA,NA,NA,"Pleasanton Ridge Regional Park",37.64720844,-121.9192917,"Alameda County","PRPND010","08/11/2020","RACA",43,8.5,"","adult",9.74,22.5,653,455,0.32,NA
"447","tsk_408",NA,NA,NA,NA,"Pleasanton Ridge Regional Park",37.64720844,-121.9192917,"Alameda County","PRPND010","08/11/2020","RACA",42,8.5,"","adult",9.74,22.5,653,455,0.32,NA
"448","tsk_409",NA,NA,NA,NA,"Pleasanton Ridge Regional Park",37.64720844,-121.9192917,"Alameda County","PRPND010","08/11/2020","RACA",46.5,10,"","adult",9.74,22.5,653,455,0.32,NA
"449","tsk_410",NA,NA,NA,NA,"Pleasanton Ridge Regional Park",37.64720844,-121.9192917,"Alameda County","PRPND010","08/11/2020","RACA",42.5,7.5,"","adult",9.74,22.5,653,455,0.32,NA
"450","tsk_411",NA,NA,NA,NA,"Pleasanton Ridge Regional Park",37.64720844,-121.9192917,"Alameda County","PRPND010","08/11/2020","RACA",40,12,"","GS43",9.74,22.5,653,455,0.32,NA
"451","tsk_412",NA,NA,NA,NA,"Pleasanton Ridge Regional Park",37.64720844,-121.9192917,"Alameda County","PRPND010","08/11/2020","RACA",NA,NA,"","GS36",9.74,22.5,653,455,0.32,NA
"452","tsk_413",NA,NA,NA,NA,"Pleasanton Ridge Regional Park",37.64720844,-121.9192917,"Alameda County","PRPND010","08/11/2020","RACA",NA,NA,"","GS38",9.74,22.5,653,455,0.32,NA
"453","tsk_414",NA,NA,NA,NA,"Pleasanton Ridge Regional Park",37.64720844,-121.9192917,"Alameda County","PRPND010","08/11/2020","RACA",40,11,"","GS45",9.74,22.5,653,455,0.32,NA
"454","tsk_415",NA,NA,NA,NA,"Pleasanton Ridge Regional Park",37.64720844,-121.9192917,"Alameda County","PRPND010","08/11/2020","RACA",NA,NA,"","GS38",9.74,22.5,653,455,0.32,NA
"455","tsk_416",NA,NA,NA,NA,"Pleasanton Ridge Regional Park",37.64720844,-121.9192917,"Alameda County","PRPND010","08/11/2020","RACA",NA,NA,"","GS37",9.74,22.5,653,455,0.32,NA
"456","tsk_417",NA,NA,NA,NA,"Pleasanton Ridge Regional Park",37.64720844,-121.9192917,"Alameda County","PRPND010","08/11/2020","RACA",NA,NA,"","GS36",9.74,22.5,653,455,0.32,NA
"457","tsk_418",NA,NA,NA,NA,"Pleasanton Ridge Regional Park",37.64720844,-121.9192917,"Alameda County","PRPND010","08/11/2020","RACA",NA,NA,"","GS28",9.74,22.5,653,455,0.32,NA
"458","tsk_419",NA,NA,NA,NA,"Pleasanton Ridge Regional Park",37.64720844,-121.9192917,"Alameda County","PRPND010","08/11/2020","RACA",NA,NA,"","GS32",9.74,22.5,653,455,0.32,NA
"459","tsk_420",NA,NA,NA,NA,"Pleasanton Ridge Regional Park",37.64720844,-121.9192917,"Alameda County","PRPND010","08/11/2020","RACA",NA,NA,"","GS36",9.74,22.5,653,455,0.32,NA
"460","tsk_421",NA,NA,NA,NA,"Pleasanton Ridge Regional Park",37.64720844,-121.9192917,"Alameda County","PRPND010","08/11/2020","RACA",NA,NA,"","GS40",9.74,22.5,653,455,0.32,NA
"461","tsk_422",NA,NA,NA,NA,"Pleasanton Ridge Regional Park",37.64720844,-121.9192917,"Alameda County","PRPND010","08/11/2020","PSRE",18,0.5,"","meta",9.74,22.5,653,455,0.32,NA
"462","tsk_423",NA,NA,NA,NA,"Pleasanton Ridge Regional Park",37.64720844,-121.9192917,"Alameda County","PRPND010","08/11/2020","PSRE",21.5,0.5,"","meta",9.74,22.5,653,455,0.32,NA
"463","tsk_424",NA,NA,NA,NA,"Pleasanton Ridge Regional Park",37.64720844,-121.9192917,"Alameda County","PRPND010","08/11/2020","PSRE",21,1,"","meta",9.74,22.5,653,455,0.32,NA
"464","tsk_425",NA,NA,NA,NA,"Pleasanton Ridge Regional Park",37.64720844,-121.9192917,"Alameda County","PRPND010","08/11/2020","RACA",40.5,8,"","adult",9.74,22.5,653,455,0.32,NA
"465","tsk_426",NA,NA,NA,NA,"Pleasanton Ridge Regional Park",37.64527893,-121.918319,"Alameda County","PRPND009","08/11/2020","RACA",38,7,"","adult",7.68,28.7,656,524,0.38,NA
"466","tsk_427",NA,NA,NA,NA,"Pleasanton Ridge Regional Park",37.64527893,-121.918319,"Alameda County","PRPND009","08/11/2020","RACA",42.5,9.5,"","adult",7.68,28.7,656,524,0.38,NA
"467","tsk_428",NA,NA,NA,NA,"Pleasanton Ridge Regional Park",37.64527893,-121.918319,"Alameda County","PRPND009","08/11/2020","RACA",43.5,9.5,"","adult",7.68,28.7,656,524,0.38,NA
"468","tsk_429",NA,NA,NA,NA,"Pleasanton Ridge Regional Park",37.64527893,-121.918319,"Alameda County","PRPND009","08/11/2020","RACA",44.5,8,"","adult",7.68,28.7,656,524,0.38,NA
"469","tsk_430",NA,NA,NA,NA,"Pleasanton Ridge Regional Park",37.64527893,-121.918319,"Alameda County","PRPND009","08/11/2020","RACA",38.5,6.5,"","adult",7.68,28.7,656,524,0.38,NA
"470","tsk_431",NA,NA,NA,NA,"Pleasanton Ridge Regional Park",37.64527893,-121.918319,"Alameda County","PRPND009","08/11/2020","RACA",37,5.5,"","adult",7.68,28.7,656,524,0.38,NA
"471","tsk_432",NA,NA,NA,NA,"Pleasanton Ridge Regional Park",37.64527893,-121.918319,"Alameda County","PRPND009","08/11/2020","RACA",38,6,"","adult",7.68,28.7,656,524,0.38,NA
"472","tsk_433",NA,NA,NA,NA,"Pleasanton Ridge Regional Park",37.64527893,-121.918319,"Alameda County","PRPND009","08/11/2020","RACA",48,11.5,"","adult",7.68,28.7,656,524,0.38,NA
"473","tsk_434",NA,NA,NA,NA,"Pleasanton Ridge Regional Park",37.64527893,-121.918319,"Alameda County","PRPND009","08/11/2020","RACA",37.5,6.5,"","adult",7.68,28.7,656,524,0.38,NA
"474","tsk_435",NA,NA,NA,NA,"Pleasanton Ridge Regional Park",37.64527893,-121.918319,"Alameda County","PRPND009","08/11/2020","RACA",40,14,"","adult",7.68,28.7,656,524,0.38,NA
"475","tsk_436",NA,NA,NA,NA,"Pleasanton Ridge Regional Park",37.64527893,-121.918319,"Alameda County","PRPND009","08/11/2020","RACA",NA,NA,"","GS34",7.68,28.7,656,524,0.38,NA
"476","tsk_437",NA,NA,NA,NA,"Pleasanton Ridge Regional Park",37.64527893,-121.918319,"Alameda County","PRPND009","08/11/2020","RACA",NA,NA,"","GS29",7.68,28.7,656,524,0.38,NA
"477","tsk_438",NA,NA,NA,NA,"Pleasanton Ridge Regional Park",37.64527893,-121.918319,"Alameda County","PRPND009","08/11/2020","RACA",NA,NA,"","GS30",7.68,28.7,656,524,0.38,NA
"478","tsk_439",NA,NA,NA,NA,"Pleasanton Ridge Regional Park",37.64527893,-121.918319,"Alameda County","PRPND009","08/11/2020","RACA",NA,NA,"","GS40",7.68,28.7,656,524,0.38,NA
"479","tsk_440",NA,NA,NA,NA,"Pleasanton Ridge Regional Park",37.64527893,-121.918319,"Alameda County","PRPND009","08/11/2020","RACA",NA,NA,"","GS43",7.68,28.7,656,524,0.38,NA
"480","tsk_441",NA,NA,NA,NA,"Pleasanton Ridge Regional Park",37.64527893,-121.918319,"Alameda County","PRPND009","08/11/2020","RACA",NA,NA,"","GS33",7.68,28.7,656,524,0.38,NA
"481","tsk_442",NA,NA,NA,NA,"Pleasanton Ridge Regional Park",37.64527893,-121.918319,"Alameda County","PRPND009","08/11/2020","RACA",NA,NA,"","GS34",7.68,28.7,656,524,0.38,NA
"482","tsk_443",NA,NA,NA,NA,"Pleasanton Ridge Regional Park",37.64527893,-121.918319,"Alameda County","PRPND009","08/11/2020","RACA",NA,NA,"","GS29",7.68,28.7,656,524,0.38,NA
"483","tsk_444",NA,NA,NA,NA,"Pleasanton Ridge Regional Park",37.64527893,-121.918319,"Alameda County","PRPND009","08/11/2020","RACA",NA,NA,"","GS30",7.68,28.7,656,524,0.38,NA
"484","tsk_445",NA,NA,NA,NA,"Pleasanton Ridge Regional Park",37.64527893,-121.918319,"Alameda County","PRPND009","08/11/2020","RACA",NA,NA,"","GS33",7.68,28.7,656,524,0.38,NA
"485","tsk_446",NA,NA,NA,NA,"Pleasanton Ridge Regional Park",37.64527893,-121.918319,"Alameda County","PRPND009","08/11/2020","RACA",NA,NA,"","GS30",7.68,28.7,656,524,0.38,NA
"486","tsk_447",NA,NA,NA,NA,"Pleasanton Ridge Regional Park",37.64527893,-121.918319,"Alameda County","PRPND009","08/11/2020","RACA",NA,NA,"","adult",7.68,28.7,656,524,0.38,NA
"487","tsk_448",NA,NA,NA,NA,"Pleasanton Ridge Regional Park",37.61930012,-121.8978634,"Alameda County","PRPND004","08/11/2020","BUBO",18,0.25,"","meta",8.24,24.8,723,527,0.41,NA
"488","tsk_449",NA,NA,NA,NA,"Pleasanton Ridge Regional Park",37.61930012,-121.8978634,"Alameda County","PRPND004","08/11/2020","BUBO",17,0.75,"","meta",8.24,24.8,723,527,0.41,NA
"489","tsk_450",NA,NA,NA,NA,"Pleasanton Ridge Regional Park",37.61930012,-121.8978634,"Alameda County","PRPND004","08/11/2020","BUBO",17,0.25,"","meta",8.24,24.8,723,527,0.41,NA
"490","tsk_451",NA,NA,NA,NA,"Pleasanton Ridge Regional Park",37.61930012,-121.8978634,"Alameda County","PRPND004","08/11/2020","BUBO",14,0.25,"","meta",8.24,24.8,723,527,0.41,NA
"491","tsk_452",NA,NA,NA,NA,"Pleasanton Ridge Regional Park",37.61930012,-121.8978634,"Alameda County","PRPND004","08/11/2020","BUBO",21.5,0.25,"","meta",8.24,24.8,723,527,0.41,NA
"492","tsk_453",NA,NA,NA,NA,"Pleasanton Ridge Regional Park",37.61930012,-121.8978634,"Alameda County","PRPND004","08/11/2020","BUBO",15,0.5,"","meta",8.24,24.8,723,527,0.41,NA
"493","tsk_454",NA,NA,NA,NA,"Pleasanton Ridge Regional Park",37.61930012,-121.8978634,"Alameda County","PRPND004","08/11/2020","BUBO",19,0.25,"","meta",8.24,24.8,723,527,0.41,NA
"494","tsk_455",NA,NA,NA,NA,"Pleasanton Ridge Regional Park",37.61930012,-121.8978634,"Alameda County","PRPND004","08/11/2020","BUBO",14,0.25,"","meta",8.24,24.8,723,527,0.41,NA
"495","tsk_456",NA,NA,NA,NA,"Pleasanton Ridge Regional Park",37.61930012,-121.8978634,"Alameda County","PRPND004","08/11/2020","BUBO",21,0.75,"","meta",8.24,24.8,723,527,0.41,NA
"496","tsk_457",NA,NA,NA,NA,"Pleasanton Ridge Regional Park",37.61930012,-121.8978634,"Alameda County","PRPND004","08/11/2020","BUBO",20,0.25,"","meta",8.24,24.8,723,527,0.41,NA
"497","tsk_458",NA,NA,NA,NA,"Pleasanton Ridge Regional Park",37.61664882,-121.8964405,"Alameda County","PRPND003","08/11/2020","BUBO",28,2.5,"","meta",8.96,28.7,850,603,0.47,NA
"498","tsk_459",NA,NA,NA,NA,"Pleasanton Ridge Regional Park",37.61664882,-121.8964405,"Alameda County","PRPND003","08/11/2020","BUBO",23,0.5,"","meta",8.96,28.7,850,603,0.47,NA
"499","tsk_460",NA,NA,NA,NA,"Pleasanton Ridge Regional Park",37.61664882,-121.8964405,"Alameda County","PRPND003","08/11/2020","BUBO",30,2.5,"","meta",8.96,28.7,850,603,0.47,NA
"500","tsk_461",NA,NA,NA,NA,"Pleasanton Ridge Regional Park",37.61664882,-121.8964405,"Alameda County","PRPND003","08/11/2020","BUBO",22,0.75,"","meta",8.96,28.7,850,603,0.47,NA
"501","tsk_462",NA,NA,NA,NA,"Pleasanton Ridge Regional Park",37.61664882,-121.8964405,"Alameda County","PRPND003","08/11/2020","BUBO",19,0.75,"","meta",8.96,28.7,850,603,0.47,NA
"502","tsk_463",NA,NA,NA,NA,"Pleasanton Ridge Regional Park",37.61664882,-121.8964405,"Alameda County","PRPND003","08/11/2020","BUBO",21,1,"","meta",8.96,28.7,850,603,0.47,NA
"503","tsk_464",NA,NA,NA,NA,"Pleasanton Ridge Regional Park",37.61664882,-121.8964405,"Alameda County","PRPND003","08/11/2020","BUBO",18.5,1,"","meta",8.96,28.7,850,603,0.47,NA
"504","tsk_465",NA,NA,NA,NA,"Pleasanton Ridge Regional Park",37.61664882,-121.8964405,"Alameda County","PRPND003","08/11/2020","BUBO",17,0.75,"","meta",8.96,28.7,850,603,0.47,NA
"505","tsk_466",NA,NA,NA,NA,"Pleasanton Ridge Regional Park",37.61664882,-121.8964405,"Alameda County","PRPND003","08/11/2020","BUBO",21,1,"","meta",8.96,28.7,850,603,0.47,NA
"506","tsk_467",NA,NA,NA,NA,"Pleasanton Ridge Regional Park",37.61664882,-121.8964405,"Alameda County","PRPND003","08/11/2020","PSRE",19.5,0.25,"","meta",8.96,28.7,850,603,0.47,NA
"507","tsk_468",NA,NA,NA,NA,"Pleasanton Ridge Regional Park",37.61664882,-121.8964405,"Alameda County","PRPND003","08/11/2020","PSRE",20.5,2.25,"","meta",8.96,28.7,850,603,0.47,NA
"508","tsk_469",NA,NA,NA,NA,"Pleasanton Ridge Regional Park",37.61664882,-121.8964405,"Alameda County","PRPND003","08/11/2020","PSRE",20,0.75,"","meta",8.96,28.7,850,603,0.47,NA
"509","tsk_470",NA,NA,NA,NA,"Pleasanton Ridge Regional Park",37.61664882,-121.8964405,"Alameda County","PRPND003","08/11/2020","PSRE",19,1.75,"","meta",8.96,28.7,850,603,0.47,NA
"510","tsk_471",NA,NA,NA,NA,"Pleasanton Ridge Regional Park",37.61664882,-121.8964405,"Alameda County","PRPND003","08/11/2020","PSRE",19,0.25,"","meta",8.96,28.7,850,603,0.47,NA
"511","tsk_472",NA,NA,NA,NA,"Pleasanton Ridge Regional Park",37.61664882,-121.8964405,"Alameda County","PRPND003","08/11/2020","PSRE",18,0.75,"","meta",8.96,28.7,850,603,0.47,NA
"512","tsk_473",NA,NA,NA,NA,"Pleasanton Ridge Regional Park",37.61664882,-121.8964405,"Alameda County","PRPND003","08/11/2020","BUBO",27,1.75,"","meta",8.96,28.7,850,603,0.47,NA
"513","tsk_474",NA,NA,NA,NA,"Pleasanton Ridge Regional Park",37.61664882,-121.8964405,"Alameda County","PRPND003","08/11/2020","PSRE",20,0.75,"","meta",8.96,28.7,850,603,0.47,NA
"514","tsk_475",NA,NA,NA,NA,"Pleasanton Ridge Regional Park",37.61664882,-121.8964405,"Alameda County","PRPND003","08/11/2020","PSRE",19.5,0.75,"","meta",8.96,28.7,850,603,0.47,NA
"515","tsk_476",NA,NA,NA,NA,"Pleasanton Ridge Regional Park",37.61664882,-121.8964405,"Alameda County","PRPND003","08/11/2020","BUBO",20,1.5,"","meta",8.96,28.7,850,603,0.47,NA
"516","tsk_477",NA,NA,NA,NA,"Pleasanton Ridge Regional Park",37.61664882,-121.8964405,"Alameda County","PRPND003","08/11/2020","PSRE",19.5,0.5,"","meta",8.96,28.7,850,603,0.47,NA
"517","tsk_478",NA,NA,NA,NA,"Pleasanton Ridge Regional Park",37.61664882,-121.8964405,"Alameda County","PRPND003","08/11/2020","PSRE",20,1.25,"","meta",8.96,28.7,850,603,0.47,NA
"518","tsk_479",NA,NA,NA,NA,"Pleasanton Ridge Regional Park",37.607681,-121.890551,"Alameda County","PRPND002","08/11/2020","PSRE",27,1,"","adult",NA,NA,NA,NA,NA,NA
"519","tsk_480",NA,NA,NA,NA,"Pleasanton Ridge Regional Park",37.607681,-121.890551,"Alameda County","PRPND002","08/11/2020","BUBO",42,7.25,"","adult",NA,NA,NA,NA,NA,NA
"520","tsk_481",NA,NA,NA,NA,"Pleasanton Ridge Regional Park",37.607681,-121.890551,"Alameda County","PRPND002","08/11/2020","BUBO",40.5,7.75,"","adult",NA,NA,NA,NA,NA,NA
"521","tsk_482",NA,NA,NA,NA,"Pleasanton Ridge Regional Park",37.607681,-121.890551,"Alameda County","PRPND002","08/11/2020","PSRE",23.5,0.75,"","meta",NA,NA,NA,NA,NA,NA
"522","tsk_483",NA,NA,NA,NA,"Pleasanton Ridge Regional Park",37.607681,-121.890551,"Alameda County","PRPND002","08/11/2020","PSRE",20,1,"","meta",NA,NA,NA,NA,NA,NA
"523","tsk_484",NA,NA,NA,NA,"Blue Oak Ranch Reserve",37.379514,-121.4448,"Santa Clara County","WEST","08/11/2020","PSRE",20.5,0.75,"","meta",9.28,24.2,679,490,0.35,NA
"524","tsk_485",NA,NA,NA,NA,"Blue Oak Ranch Reserve",37.379514,-121.4448,"Santa Clara County","WEST","08/11/2020","PSRE",20.5,1,"","meta",9.28,24.2,679,490,0.35,NA
"525","tsk_486",NA,NA,NA,NA,"Blue Oak Ranch Reserve",37.379514,-121.4448,"Santa Clara County","WEST","08/11/2020","PSRE",20.5,0.5,"","meta",9.28,24.2,679,490,0.35,NA
"526","tsk_487",NA,NA,NA,NA,"Blue Oak Ranch Reserve",37.379514,-121.4448,"Santa Clara County","WEST","08/11/2020","PSRE",21,0.5,"","meta",9.28,24.2,679,490,0.35,NA
"527","tsk_488",NA,NA,NA,NA,"Blue Oak Ranch Reserve",37.379514,-121.4448,"Santa Clara County","WEST","08/11/2020","PSRE",21,0.5,"","meta",9.28,24.2,679,490,0.35,NA
"528","tsk_489",NA,NA,NA,NA,"Blue Oak Ranch Reserve",37.379514,-121.4448,"Santa Clara County","WEST","08/11/2020","PSRE",21,1,"","meta",9.28,24.2,679,490,0.35,NA
"529","tsk_490",NA,NA,NA,NA,"Blue Oak Ranch Reserve",37.379514,-121.4448,"Santa Clara County","WEST","08/11/2020","PSRE",20.5,0.5,"","meta",9.28,24.2,679,490,0.35,NA
"530","tsk_491",NA,NA,NA,NA,"Blue Oak Ranch Reserve",37.379514,-121.4448,"Santa Clara County","WEST","08/11/2020","PSRE",26,0.75,"","adult",9.28,24.2,679,490,0.35,NA
"531","tsk_492",NA,NA,NA,NA,"Blue Oak Ranch Reserve",37.379514,-121.4448,"Santa Clara County","WEST","08/11/2020","PSRE",18,0.5,"","meta",9.28,24.2,679,490,0.35,NA
"532","tsk_493",NA,NA,NA,NA,"Blue Oak Ranch Reserve",37.379514,-121.4448,"Santa Clara County","WEST","08/11/2020","PSRE",19.5,0.5,"","meta",9.28,24.2,679,490,0.35,NA
"533","tsk_494",NA,NA,NA,NA,"Blue Oak Ranch Reserve",37.379514,-121.4448,"Santa Clara County","WEST","08/11/2020","BUBO",28,2.25,"","adult",9.28,24.2,679,490,0.35,NA
"534","tsk_495",NA,NA,NA,NA,"Blue Oak Ranch Reserve",37.379514,-121.4448,"Santa Clara County","WEST","08/11/2020","BUBO",28,2.5,"","adult",9.28,24.2,679,490,0.35,NA
"535","tsk_496",NA,NA,NA,NA,"Blue Oak Ranch Reserve",37.379514,-121.4448,"Santa Clara County","WEST","08/11/2020","RACA",67,30,"","adult",9.28,24.2,679,490,0.35,NA
"536","tsk_497",NA,NA,NA,NA,"Blue Oak Ranch Reserve",37.379514,-121.4448,"Santa Clara County","WEST","08/11/2020","RACA",44.5,20,"","adult",9.28,24.2,679,490,0.35,NA
"537","tsk_498",NA,NA,NA,NA,"Blue Oak Ranch Reserve",37.379514,-121.4448,"Santa Clara County","WEST","08/11/2020","RACA",69,35,"","adult",9.28,24.2,679,490,0.35,NA
"538","tsk_499",NA,NA,NA,NA,"Blue Oak Ranch Reserve",37.379514,-121.4448,"Santa Clara County","WEST","08/11/2020","RACA",59,25,"","adult",9.28,24.2,679,490,0.35,NA
"539","tsk_500",NA,NA,NA,NA,"Blue Oak Ranch Reserve",37.379514,-121.4448,"Santa Clara County","WEST","08/11/2020","RACA",63,32,"","adult",9.28,24.2,679,490,0.35,NA
"540","tsk_501",NA,NA,NA,NA,"Blue Oak Ranch Reserve",37.379514,-121.4448,"Santa Clara County","WEST","08/11/2020","RACA",61,22,"","adult",9.28,24.2,679,490,0.35,NA
"541","tsk_502",NA,NA,NA,NA,"Blue Oak Ranch Reserve",37.379514,-121.4448,"Santa Clara County","WEST","08/11/2020","RACA",67,32,"","adult",9.28,24.2,679,490,0.35,NA
"542","tsk_503",NA,NA,NA,NA,"Blue Oak Ranch Reserve",37.379514,-121.4448,"Santa Clara County","WEST","08/11/2020","RACA",57,23,"","adult",9.28,24.2,679,490,0.35,NA
"543","tsk_504",NA,NA,NA,NA,"Blue Oak Ranch Reserve",37.379514,-121.4448,"Santa Clara County","WEST","08/11/2020","RACA",51,23,"","adult",9.28,24.2,679,490,0.35,NA
"544","tsk_505",NA,NA,NA,NA,"Blue Oak Ranch Reserve",37.379514,-121.4448,"Santa Clara County","WEST","08/11/2020","RACA",71,35,"","adult",9.28,24.2,679,490,0.35,NA
"545","tsk_506",NA,NA,NA,NA,"Blue Oak Ranch Reserve",37.379514,-121.4448,"Santa Clara County","WEST","08/11/2020","RACA",59,26,"","adult",9.28,24.2,679,490,0.35,NA
